936EF135-5B23-4335-9719-006C5474A0A1;B284A019-1B46-4052-A96D-08B01F1FC7C1;1,122611
936EF135-5B23-4335-9719-006C5474A0A1;821C0D6E-8D55-4E64-BBA6-0EF2CDFF1DDD;1,982141
936EF135-5B23-4335-9719-006C5474A0A1;9463F08B-0BB8-43C2-B687-17AA4F02FD79;0,4845955
936EF135-5B23-4335-9719-006C5474A0A1;83816ACD-1157-4DAD-8274-17B422922BEA;0,669989
936EF135-5B23-4335-9719-006C5474A0A1;59EB9448-88F1-4075-B19F-1CA4038FB591;0,1329861
936EF135-5B23-4335-9719-006C5474A0A1;208544A8-5D67-47D4-9386-1CE48F2F82EF;0,9545612
936EF135-5B23-4335-9719-006C5474A0A1;793F3600-C8D4-4B74-8438-2AF8BE11E7F7;0,3484308
936EF135-5B23-4335-9719-006C5474A0A1;D48B90C5-098C-4A6A-A185-38B03326AA24;2,317937
936EF135-5B23-4335-9719-006C5474A0A1;08ADA0A2-0ED2-4233-AB49-4533B064868A;1,734926
936EF135-5B23-4335-9719-006C5474A0A1;65CDEEFE-BA3C-4F28-A512-4B102A8BD7DC;1,276342
936EF135-5B23-4335-9719-006C5474A0A1;E2D337D1-DBC3-4746-8BA8-628766818C17;1,557558
936EF135-5B23-4335-9719-006C5474A0A1;B4B2CAA9-306A-4A51-83C7-6FB1264574C3;2,769926
936EF135-5B23-4335-9719-006C5474A0A1;B14760D8-2EAC-4B85-B272-81679687D984;2,171121
936EF135-5B23-4335-9719-006C5474A0A1;743BFBCA-59E9-4DD2-882D-8541D482157C;1,447305
936EF135-5B23-4335-9719-006C5474A0A1;9D50E6AF-3108-4EAA-A366-A4AA20675460;0,6322405
936EF135-5B23-4335-9719-006C5474A0A1;03A1E424-4A15-42C2-9219-AA34F881D0FB;6,978117
936EF135-5B23-4335-9719-006C5474A0A1;01F987BD-CCD4-4891-A1F6-B11FDD24554E;0,9549897
936EF135-5B23-4335-9719-006C5474A0A1;10577BF7-818A-41C0-9EF5-BFC65D11A90B;1,390819
936EF135-5B23-4335-9719-006C5474A0A1;238469A1-38A1-45E4-9D1B-C9D637EB7147;0,5866824
936EF135-5B23-4335-9719-006C5474A0A1;213AFAA5-A959-44C3-A0C2-EBA5B15C19EE;1,180324
2EA09FC0-DCA6-4F0D-82CB-0369B91313E7;D3EEBCD7-B4F7-455E-A687-30C8DD69094E;0,2001318
564E14A1-9A3F-4ECB-B83E-0560762630AA;0B5D1DC2-2AEF-4D5E-A282-A87D35027830;4,113379
564E14A1-9A3F-4ECB-B83E-0560762630AA;20D489AF-9357-42CB-B0E1-ABA30CB29EAA;0,5848303
564E14A1-9A3F-4ECB-B83E-0560762630AA;07DC3B33-326F-4C1F-96EE-C924E9073E13;0,6741686
5FA8D1F8-0413-420D-98EF-058678849255;B284A019-1B46-4052-A96D-08B01F1FC7C1;0,4113619
5FA8D1F8-0413-420D-98EF-058678849255;821C0D6E-8D55-4E64-BBA6-0EF2CDFF1DDD;7,117139
5FA8D1F8-0413-420D-98EF-058678849255;9463F08B-0BB8-43C2-B687-17AA4F02FD79;0,1114953
5FA8D1F8-0413-420D-98EF-058678849255;83816ACD-1157-4DAD-8274-17B422922BEA;0,4065015
5FA8D1F8-0413-420D-98EF-058678849255;59EB9448-88F1-4075-B19F-1CA4038FB591;0,03059731
5FA8D1F8-0413-420D-98EF-058678849255;208544A8-5D67-47D4-9386-1CE48F2F82EF;0,2123939
5FA8D1F8-0413-420D-98EF-058678849255;793F3600-C8D4-4B74-8438-2AF8BE11E7F7;0,08016665
5FA8D1F8-0413-420D-98EF-058678849255;D48B90C5-098C-4A6A-A185-38B03326AA24;1,985103
5FA8D1F8-0413-420D-98EF-058678849255;08ADA0A2-0ED2-4233-AB49-4533B064868A;0,6191961
5FA8D1F8-0413-420D-98EF-058678849255;65CDEEFE-BA3C-4F28-A512-4B102A8BD7DC;0,815246
5FA8D1F8-0413-420D-98EF-058678849255;E2D337D1-DBC3-4746-8BA8-628766818C17;0,4286964
5FA8D1F8-0413-420D-98EF-058678849255;B4B2CAA9-306A-4A51-83C7-6FB1264574C3;1,78315
5FA8D1F8-0413-420D-98EF-058678849255;B14760D8-2EAC-4B85-B272-81679687D984;2,180247
5FA8D1F8-0413-420D-98EF-058678849255;743BFBCA-59E9-4DD2-882D-8541D482157C;0,3183314
5FA8D1F8-0413-420D-98EF-058678849255;9D50E6AF-3108-4EAA-A366-A4AA20675460;0,1092325
5FA8D1F8-0413-420D-98EF-058678849255;03A1E424-4A15-42C2-9219-AA34F881D0FB;0,8153726
5FA8D1F8-0413-420D-98EF-058678849255;01F987BD-CCD4-4891-A1F6-B11FDD24554E;0,2761639
5FA8D1F8-0413-420D-98EF-058678849255;10577BF7-818A-41C0-9EF5-BFC65D11A90B;0,8587368
5FA8D1F8-0413-420D-98EF-058678849255;238469A1-38A1-45E4-9D1B-C9D637EB7147;0,1349834
5FA8D1F8-0413-420D-98EF-058678849255;213AFAA5-A959-44C3-A0C2-EBA5B15C19EE;0,3916677
5C5A0142-DEF3-46CF-A76D-060ED43AAC73;DBB19216-3A19-401E-B6A9-9EFE1A2FC5DD;13,30927
4AA73E41-453D-469A-84B5-063F0E4D564E;49B1BBDF-9C82-4EF7-8BBB-6555A315AA3F;1,711362
4AA73E41-453D-469A-84B5-063F0E4D564E;18BFBFC2-D306-4D44-AF4A-78157B5F4016;8,708622
4AA73E41-453D-469A-84B5-063F0E4D564E;79D215F1-51FB-47C9-9FAC-80FF905363BD;0,3217501
4AA73E41-453D-469A-84B5-063F0E4D564E;90F40754-C900-431D-BF3C-A45F458AA375;0,2894461
4AA73E41-453D-469A-84B5-063F0E4D564E;ACB2B0A8-96B0-434D-83F8-D93AC48BAFCE;0,5032966
4AA73E41-453D-469A-84B5-063F0E4D564E;7C7D1EFC-211D-4C2C-974F-FC94D5C210F7;0,536854
DE7C888C-7842-444C-9FC6-0667FBC9B48F;C9B5A53E-CB50-4D0B-A1EF-A0C19A1CDC60;9,92541
313068AF-975D-4705-B132-07760027BC0B;B284A019-1B46-4052-A96D-08B01F1FC7C1;2,079371
313068AF-975D-4705-B132-07760027BC0B;821C0D6E-8D55-4E64-BBA6-0EF2CDFF1DDD;2,4525
313068AF-975D-4705-B132-07760027BC0B;9463F08B-0BB8-43C2-B687-17AA4F02FD79;1,019957
313068AF-975D-4705-B132-07760027BC0B;83816ACD-1157-4DAD-8274-17B422922BEA;1,10312
313068AF-975D-4705-B132-07760027BC0B;59EB9448-88F1-4075-B19F-1CA4038FB591;0,2799036
313068AF-975D-4705-B132-07760027BC0B;208544A8-5D67-47D4-9386-1CE48F2F82EF;1,467499
313068AF-975D-4705-B132-07760027BC0B;793F3600-C8D4-4B74-8438-2AF8BE11E7F7;0,7333629
313068AF-975D-4705-B132-07760027BC0B;D48B90C5-098C-4A6A-A185-38B03326AA24;1,818597
313068AF-975D-4705-B132-07760027BC0B;08ADA0A2-0ED2-4233-AB49-4533B064868A;2,079371
313068AF-975D-4705-B132-07760027BC0B;65CDEEFE-BA3C-4F28-A512-4B102A8BD7DC;2,089756
313068AF-975D-4705-B132-07760027BC0B;E2D337D1-DBC3-4746-8BA8-628766818C17;2,227328
313068AF-975D-4705-B132-07760027BC0B;B4B2CAA9-306A-4A51-83C7-6FB1264574C3;2,308986
313068AF-975D-4705-B132-07760027BC0B;B14760D8-2EAC-4B85-B272-81679687D984;2,7755
313068AF-975D-4705-B132-07760027BC0B;743BFBCA-59E9-4DD2-882D-8541D482157C;2,619273
313068AF-975D-4705-B132-07760027BC0B;9D50E6AF-3108-4EAA-A366-A4AA20675460;0,7116684
313068AF-975D-4705-B132-07760027BC0B;03A1E424-4A15-42C2-9219-AA34F881D0FB;2,214347
313068AF-975D-4705-B132-07760027BC0B;01F987BD-CCD4-4891-A1F6-B11FDD24554E;1,417244
313068AF-975D-4705-B132-07760027BC0B;10577BF7-818A-41C0-9EF5-BFC65D11A90B;2,388888
313068AF-975D-4705-B132-07760027BC0B;238469A1-38A1-45E4-9D1B-C9D637EB7147;1,234825
313068AF-975D-4705-B132-07760027BC0B;213AFAA5-A959-44C3-A0C2-EBA5B15C19EE;7,67214
83AC9D83-CF43-45CA-9EE5-0AD8C4A839B5;B284A019-1B46-4052-A96D-08B01F1FC7C1;0,2588571
83AC9D83-CF43-45CA-9EE5-0AD8C4A839B5;821C0D6E-8D55-4E64-BBA6-0EF2CDFF1DDD;2,336614
83AC9D83-CF43-45CA-9EE5-0AD8C4A839B5;9463F08B-0BB8-43C2-B687-17AA4F02FD79;0,02922641
83AC9D83-CF43-45CA-9EE5-0AD8C4A839B5;83816ACD-1157-4DAD-8274-17B422922BEA;0,3183453
83AC9D83-CF43-45CA-9EE5-0AD8C4A839B5;59EB9448-88F1-4075-B19F-1CA4038FB591;0,008020515
83AC9D83-CF43-45CA-9EE5-0AD8C4A839B5;208544A8-5D67-47D4-9386-1CE48F2F82EF;0,1397128
83AC9D83-CF43-45CA-9EE5-0AD8C4A839B5;793F3600-C8D4-4B74-8438-2AF8BE11E7F7;0,02101419
83AC9D83-CF43-45CA-9EE5-0AD8C4A839B5;D48B90C5-098C-4A6A-A185-38B03326AA24;10,48556
83AC9D83-CF43-45CA-9EE5-0AD8C4A839B5;08ADA0A2-0ED2-4233-AB49-4533B064868A;0,4295711
83AC9D83-CF43-45CA-9EE5-0AD8C4A839B5;65CDEEFE-BA3C-4F28-A512-4B102A8BD7DC;0,8223114
83AC9D83-CF43-45CA-9EE5-0AD8C4A839B5;E2D337D1-DBC3-4746-8BA8-628766818C17;0,3160714
83AC9D83-CF43-45CA-9EE5-0AD8C4A839B5;B4B2CAA9-306A-4A51-83C7-6FB1264574C3;2,47677
83AC9D83-CF43-45CA-9EE5-0AD8C4A839B5;B14760D8-2EAC-4B85-B272-81679687D984;4,020596
83AC9D83-CF43-45CA-9EE5-0AD8C4A839B5;743BFBCA-59E9-4DD2-882D-8541D482157C;0,09209638
83AC9D83-CF43-45CA-9EE5-0AD8C4A839B5;9D50E6AF-3108-4EAA-A366-A4AA20675460;0,02863327
83AC9D83-CF43-45CA-9EE5-0AD8C4A839B5;03A1E424-4A15-42C2-9219-AA34F881D0FB;0,693006
83AC9D83-CF43-45CA-9EE5-0AD8C4A839B5;01F987BD-CCD4-4891-A1F6-B11FDD24554E;0,1596586
83AC9D83-CF43-45CA-9EE5-0AD8C4A839B5;10577BF7-818A-41C0-9EF5-BFC65D11A90B;0,833249
83AC9D83-CF43-45CA-9EE5-0AD8C4A839B5;238469A1-38A1-45E4-9D1B-C9D637EB7147;0,03538337
83AC9D83-CF43-45CA-9EE5-0AD8C4A839B5;213AFAA5-A959-44C3-A0C2-EBA5B15C19EE;0,08710101
E554CB96-E8CE-440B-8128-0C32D17965DA;C579C280-7FBA-42A7-A1A5-1CDFCBC7660C;7,457368
E554CB96-E8CE-440B-8128-0C32D17965DA;2F60E223-0958-42A0-B0AA-4D95ECB52B2A;0,1410029
8F69491A-C081-491F-9A77-0D57073AEA3F;6AA9032C-5FB6-4548-9B7D-F97EB4E252FD;12,46735
F042116F-30CB-4E62-959F-0F4041D76FF5;18609BF5-8667-491F-B300-F5E42876C12D;8,830167
D79C1F9C-8BAF-416D-AED0-12843E0D0790;431190C7-D8CB-4CAF-B73F-DC91DDEA612E;10,41704
0E02CD27-1E78-42E6-A717-139A3093F7C3;20D489AF-9357-42CB-B0E1-ABA30CB29EAA;7,027805
F564EB4E-280C-46C2-A9E4-174F22844E3A;2E7B78CB-5514-462D-BA34-149B5CB62BA5;9,10921
F564EB4E-280C-46C2-A9E4-174F22844E3A;E6F6460B-B0EA-4C4C-B197-3BB5294B48E6;0,06121447
F564EB4E-280C-46C2-A9E4-174F22844E3A;871A6FC9-561D-4AB2-935E-41DB7C1BB506;0,08913656
F564EB4E-280C-46C2-A9E4-174F22844E3A;5F16CD05-54CC-4A4B-AEC8-6EA279CA3E77;0,1919239
F564EB4E-280C-46C2-A9E4-174F22844E3A;AE236C29-BFC9-4D06-8C88-92DFE13311C7;0,1025218
F564EB4E-280C-46C2-A9E4-174F22844E3A;AE3A6D8B-B76A-49DB-9E57-A6993865CF22;0,139676
F564EB4E-280C-46C2-A9E4-174F22844E3A;1F6EA5DA-C5DA-4C17-A533-F7E31876F347;0,1096683
241F5762-CA1B-4E9C-AB6D-18C825F000BF;B284A019-1B46-4052-A96D-08B01F1FC7C1;0,6766559
241F5762-CA1B-4E9C-AB6D-18C825F000BF;821C0D6E-8D55-4E64-BBA6-0EF2CDFF1DDD;2,474305
241F5762-CA1B-4E9C-AB6D-18C825F000BF;9463F08B-0BB8-43C2-B687-17AA4F02FD79;0,2656315
241F5762-CA1B-4E9C-AB6D-18C825F000BF;83816ACD-1157-4DAD-8274-17B422922BEA;0,66215
241F5762-CA1B-4E9C-AB6D-18C825F000BF;59EB9448-88F1-4075-B19F-1CA4038FB591;0,07289643
241F5762-CA1B-4E9C-AB6D-18C825F000BF;208544A8-5D67-47D4-9386-1CE48F2F82EF;0,4504396
241F5762-CA1B-4E9C-AB6D-18C825F000BF;793F3600-C8D4-4B74-8438-2AF8BE11E7F7;0,1909927
241F5762-CA1B-4E9C-AB6D-18C825F000BF;D48B90C5-098C-4A6A-A185-38B03326AA24;2,775375
241F5762-CA1B-4E9C-AB6D-18C825F000BF;08ADA0A2-0ED2-4233-AB49-4533B064868A;0,844536
241F5762-CA1B-4E9C-AB6D-18C825F000BF;65CDEEFE-BA3C-4F28-A512-4B102A8BD7DC;1,579605
241F5762-CA1B-4E9C-AB6D-18C825F000BF;E2D337D1-DBC3-4746-8BA8-628766818C17;0,8281157
241F5762-CA1B-4E9C-AB6D-18C825F000BF;B4B2CAA9-306A-4A51-83C7-6FB1264574C3;7,222723
241F5762-CA1B-4E9C-AB6D-18C825F000BF;B14760D8-2EAC-4B85-B272-81679687D984;2,857259
241F5762-CA1B-4E9C-AB6D-18C825F000BF;743BFBCA-59E9-4DD2-882D-8541D482157C;0,7933418
241F5762-CA1B-4E9C-AB6D-18C825F000BF;9D50E6AF-3108-4EAA-A366-A4AA20675460;0,2602405
241F5762-CA1B-4E9C-AB6D-18C825F000BF;03A1E424-4A15-42C2-9219-AA34F881D0FB;1,720503
241F5762-CA1B-4E9C-AB6D-18C825F000BF;01F987BD-CCD4-4891-A1F6-B11FDD24554E;0,9603292
241F5762-CA1B-4E9C-AB6D-18C825F000BF;10577BF7-818A-41C0-9EF5-BFC65D11A90B;1,274295
241F5762-CA1B-4E9C-AB6D-18C825F000BF;238469A1-38A1-45E4-9D1B-C9D637EB7147;0,3215905
241F5762-CA1B-4E9C-AB6D-18C825F000BF;213AFAA5-A959-44C3-A0C2-EBA5B15C19EE;0,7243086
1710CE4B-3A0E-4DB6-8B66-196136111F8A;076D074F-BB56-4BCF-B85A-9D5DC106AA8D;3,216436
A575E45E-1C23-4455-843C-1AAB542166FE;49B1BBDF-9C82-4EF7-8BBB-6555A315AA3F;0,2266655
A575E45E-1C23-4455-843C-1AAB542166FE;18BFBFC2-D306-4D44-AF4A-78157B5F4016;0,1700399
A575E45E-1C23-4455-843C-1AAB542166FE;79D215F1-51FB-47C9-9FAC-80FF905363BD;0,338573
A575E45E-1C23-4455-843C-1AAB542166FE;90F40754-C900-431D-BF3C-A45F458AA375;0,07457844
A575E45E-1C23-4455-843C-1AAB542166FE;ACB2B0A8-96B0-434D-83F8-D93AC48BAFCE;10,23821
A575E45E-1C23-4455-843C-1AAB542166FE;7C7D1EFC-211D-4C2C-974F-FC94D5C210F7;2,542167
358B904E-08CC-4E0A-AB33-1AEFD3C51D11;B284A019-1B46-4052-A96D-08B01F1FC7C1;3,076348
358B904E-08CC-4E0A-AB33-1AEFD3C51D11;821C0D6E-8D55-4E64-BBA6-0EF2CDFF1DDD;2,972075
358B904E-08CC-4E0A-AB33-1AEFD3C51D11;9463F08B-0BB8-43C2-B687-17AA4F02FD79;3,230072
358B904E-08CC-4E0A-AB33-1AEFD3C51D11;83816ACD-1157-4DAD-8274-17B422922BEA;3,49344
358B904E-08CC-4E0A-AB33-1AEFD3C51D11;59EB9448-88F1-4075-B19F-1CA4038FB591;0,8864186
358B904E-08CC-4E0A-AB33-1AEFD3C51D11;208544A8-5D67-47D4-9386-1CE48F2F82EF;1,397162
358B904E-08CC-4E0A-AB33-1AEFD3C51D11;793F3600-C8D4-4B74-8438-2AF8BE11E7F7;2,322465
358B904E-08CC-4E0A-AB33-1AEFD3C51D11;D48B90C5-098C-4A6A-A185-38B03326AA24;2,867802
358B904E-08CC-4E0A-AB33-1AEFD3C51D11;08ADA0A2-0ED2-4233-AB49-4533B064868A;3,076348
358B904E-08CC-4E0A-AB33-1AEFD3C51D11;65CDEEFE-BA3C-4F28-A512-4B102A8BD7DC;3,076348
358B904E-08CC-4E0A-AB33-1AEFD3C51D11;E2D337D1-DBC3-4746-8BA8-628766818C17;3,180621
358B904E-08CC-4E0A-AB33-1AEFD3C51D11;B4B2CAA9-306A-4A51-83C7-6FB1264574C3;3,076348
358B904E-08CC-4E0A-AB33-1AEFD3C51D11;B14760D8-2EAC-4B85-B272-81679687D984;3,151942
358B904E-08CC-4E0A-AB33-1AEFD3C51D11;743BFBCA-59E9-4DD2-882D-8541D482157C;4,856705
358B904E-08CC-4E0A-AB33-1AEFD3C51D11;9D50E6AF-3108-4EAA-A366-A4AA20675460;2,253762
358B904E-08CC-4E0A-AB33-1AEFD3C51D11;03A1E424-4A15-42C2-9219-AA34F881D0FB;3,180621
358B904E-08CC-4E0A-AB33-1AEFD3C51D11;01F987BD-CCD4-4891-A1F6-B11FDD24554E;0,8864186
358B904E-08CC-4E0A-AB33-1AEFD3C51D11;10577BF7-818A-41C0-9EF5-BFC65D11A90B;3,096151
358B904E-08CC-4E0A-AB33-1AEFD3C51D11;238469A1-38A1-45E4-9D1B-C9D637EB7147;9,41054
358B904E-08CC-4E0A-AB33-1AEFD3C51D11;213AFAA5-A959-44C3-A0C2-EBA5B15C19EE;3,389167
8CAB5462-153C-4F8B-B2E4-1B8D0B8CB6DE;3B3515A7-231B-4F42-B0BE-4A0F669E808D;9,079399
15B07584-82EF-4027-9F72-1C9C7B949DC1;A5FB0B01-A69B-425E-8671-23CED096C8B0;3,082062
15B07584-82EF-4027-9F72-1C9C7B949DC1;4BE187CA-F1A8-4A80-8070-55641A062247;0,03466604
15B07584-82EF-4027-9F72-1C9C7B949DC1;76BC98CD-5BF7-4F71-AD8C-7BBE3A298A3C;0,09441829
15B07584-82EF-4027-9F72-1C9C7B949DC1;2CDC3ACD-E175-4E43-A963-CA2AEF078D77;0,07291448
15B07584-82EF-4027-9F72-1C9C7B949DC1;31FD90A5-B3D7-4C70-9ACA-CD978787DDEC;0,1028812
CE714079-5144-4354-810C-1CBAAC827725;B284A019-1B46-4052-A96D-08B01F1FC7C1;0,1051988
CE714079-5144-4354-810C-1CBAAC827725;821C0D6E-8D55-4E64-BBA6-0EF2CDFF1DDD;0,1051988
CE714079-5144-4354-810C-1CBAAC827725;9463F08B-0BB8-43C2-B687-17AA4F02FD79;0,1051988
CE714079-5144-4354-810C-1CBAAC827725;83816ACD-1157-4DAD-8274-17B422922BEA;0,1051988
CE714079-5144-4354-810C-1CBAAC827725;59EB9448-88F1-4075-B19F-1CA4038FB591;11,88491
CE714079-5144-4354-810C-1CBAAC827725;208544A8-5D67-47D4-9386-1CE48F2F82EF;0,1051988
CE714079-5144-4354-810C-1CBAAC827725;793F3600-C8D4-4B74-8438-2AF8BE11E7F7;0,1051988
CE714079-5144-4354-810C-1CBAAC827725;D48B90C5-098C-4A6A-A185-38B03326AA24;0,1051988
CE714079-5144-4354-810C-1CBAAC827725;08ADA0A2-0ED2-4233-AB49-4533B064868A;0,1051988
CE714079-5144-4354-810C-1CBAAC827725;65CDEEFE-BA3C-4F28-A512-4B102A8BD7DC;0,1051988
CE714079-5144-4354-810C-1CBAAC827725;E2D337D1-DBC3-4746-8BA8-628766818C17;0,1051988
CE714079-5144-4354-810C-1CBAAC827725;B4B2CAA9-306A-4A51-83C7-6FB1264574C3;0,1051988
CE714079-5144-4354-810C-1CBAAC827725;B14760D8-2EAC-4B85-B272-81679687D984;0,1051988
CE714079-5144-4354-810C-1CBAAC827725;743BFBCA-59E9-4DD2-882D-8541D482157C;0,1051988
CE714079-5144-4354-810C-1CBAAC827725;9D50E6AF-3108-4EAA-A366-A4AA20675460;0,1051988
CE714079-5144-4354-810C-1CBAAC827725;03A1E424-4A15-42C2-9219-AA34F881D0FB;0,1051988
CE714079-5144-4354-810C-1CBAAC827725;01F987BD-CCD4-4891-A1F6-B11FDD24554E;0,1051988
CE714079-5144-4354-810C-1CBAAC827725;10577BF7-818A-41C0-9EF5-BFC65D11A90B;0,1051988
CE714079-5144-4354-810C-1CBAAC827725;238469A1-38A1-45E4-9D1B-C9D637EB7147;0,1051988
CE714079-5144-4354-810C-1CBAAC827725;213AFAA5-A959-44C3-A0C2-EBA5B15C19EE;0,1051988
CF451CA2-2CA7-42A6-AFC9-1CE1C6D8E36C;B284A019-1B46-4052-A96D-08B01F1FC7C1;0,4346628
CF451CA2-2CA7-42A6-AFC9-1CE1C6D8E36C;821C0D6E-8D55-4E64-BBA6-0EF2CDFF1DDD;0,4171015
CF451CA2-2CA7-42A6-AFC9-1CE1C6D8E36C;9463F08B-0BB8-43C2-B687-17AA4F02FD79;7,714282
CF451CA2-2CA7-42A6-AFC9-1CE1C6D8E36C;83816ACD-1157-4DAD-8274-17B422922BEA;0,5049081
CF451CA2-2CA7-42A6-AFC9-1CE1C6D8E36C;59EB9448-88F1-4075-B19F-1CA4038FB591;0,1041193
CF451CA2-2CA7-42A6-AFC9-1CE1C6D8E36C;208544A8-5D67-47D4-9386-1CE48F2F82EF;0,2293921
CF451CA2-2CA7-42A6-AFC9-1CE1C6D8E36C;793F3600-C8D4-4B74-8438-2AF8BE11E7F7;0,3783924
CF451CA2-2CA7-42A6-AFC9-1CE1C6D8E36C;D48B90C5-098C-4A6A-A185-38B03326AA24;0,3995402
CF451CA2-2CA7-42A6-AFC9-1CE1C6D8E36C;08ADA0A2-0ED2-4233-AB49-4533B064868A;0,4346628
CF451CA2-2CA7-42A6-AFC9-1CE1C6D8E36C;65CDEEFE-BA3C-4F28-A512-4B102A8BD7DC;0,4346628
CF451CA2-2CA7-42A6-AFC9-1CE1C6D8E36C;E2D337D1-DBC3-4746-8BA8-628766818C17;0,4522241
CF451CA2-2CA7-42A6-AFC9-1CE1C6D8E36C;B4B2CAA9-306A-4A51-83C7-6FB1264574C3;0,4346628
CF451CA2-2CA7-42A6-AFC9-1CE1C6D8E36C;B14760D8-2EAC-4B85-B272-81679687D984;0,6189819
CF451CA2-2CA7-42A6-AFC9-1CE1C6D8E36C;743BFBCA-59E9-4DD2-882D-8541D482157C;0,5049081
CF451CA2-2CA7-42A6-AFC9-1CE1C6D8E36C;9D50E6AF-3108-4EAA-A366-A4AA20675460;0,3636306
CF451CA2-2CA7-42A6-AFC9-1CE1C6D8E36C;03A1E424-4A15-42C2-9219-AA34F881D0FB;0,4522241
CF451CA2-2CA7-42A6-AFC9-1CE1C6D8E36C;01F987BD-CCD4-4891-A1F6-B11FDD24554E;0,1041193
CF451CA2-2CA7-42A6-AFC9-1CE1C6D8E36C;10577BF7-818A-41C0-9EF5-BFC65D11A90B;0,6129606
CF451CA2-2CA7-42A6-AFC9-1CE1C6D8E36C;238469A1-38A1-45E4-9D1B-C9D637EB7147;0,5751534
CF451CA2-2CA7-42A6-AFC9-1CE1C6D8E36C;213AFAA5-A959-44C3-A0C2-EBA5B15C19EE;0,4873467
A31EA645-73FC-41AE-A979-1E3137D06329;4B7BDB11-F4E0-49AE-88C2-1D62694EB2C1;10,25216
41E23338-8C6D-44C5-99F7-201731594422;2E7B78CB-5514-462D-BA34-149B5CB62BA5;0,1393729
41E23338-8C6D-44C5-99F7-201731594422;E6F6460B-B0EA-4C4C-B197-3BB5294B48E6;1,489109
41E23338-8C6D-44C5-99F7-201731594422;871A6FC9-561D-4AB2-935E-41DB7C1BB506;0,01548969
41E23338-8C6D-44C5-99F7-201731594422;5F16CD05-54CC-4A4B-AEC8-6EA279CA3E77;0,3077281
41E23338-8C6D-44C5-99F7-201731594422;AE236C29-BFC9-4D06-8C88-92DFE13311C7;0,07563753
41E23338-8C6D-44C5-99F7-201731594422;AE3A6D8B-B76A-49DB-9E57-A6993865CF22;0,02536367
41E23338-8C6D-44C5-99F7-201731594422;1F6EA5DA-C5DA-4C17-A533-F7E31876F347;7,387424
0A20B495-79E6-4992-BA97-24B13BF92B67;3A0C9F26-EBDD-42C8-98A9-430B73F6F6AB;0,0431698
0A20B495-79E6-4992-BA97-24B13BF92B67;7A849E4B-4FB6-481D-94B3-958B3A052615;1,077127
44E678C0-1C3A-4220-AF97-2628DFCB4C24;06C01FFA-8868-4588-86DA-81CE9BEF562C;7,975392
582A686B-369B-407F-968C-2664E551A995;D36306B8-DCE2-48F1-8747-A3D79EBC4E7A;7,556252
F588DEFA-ECAE-4DBC-8599-2CF380706C22;2AB43FE8-CDC3-4CC9-8167-7BB79A505490;0,1261012
F588DEFA-ECAE-4DBC-8599-2CF380706C22;3EF517DC-03CA-4551-99B2-96E0BE0B63DB;0,8642235
ED0E9CA1-63D2-480E-8B80-2D7400118A44;C579C280-7FBA-42A7-A1A5-1CDFCBC7660C;0,03309133
ED0E9CA1-63D2-480E-8B80-2D7400118A44;2F60E223-0958-42A0-B0AA-4D95ECB52B2A;10,31169
C2455361-10E6-475D-837A-2E7A4290E77A;49B1BBDF-9C82-4EF7-8BBB-6555A315AA3F;0,5721182
C2455361-10E6-475D-837A-2E7A4290E77A;18BFBFC2-D306-4D44-AF4A-78157B5F4016;0,1991801
C2455361-10E6-475D-837A-2E7A4290E77A;79D215F1-51FB-47C9-9FAC-80FF905363BD;8,863072
C2455361-10E6-475D-837A-2E7A4290E77A;90F40754-C900-431D-BF3C-A45F458AA375;0,1722804
C2455361-10E6-475D-837A-2E7A4290E77A;ACB2B0A8-96B0-434D-83F8-D93AC48BAFCE;0,6877955
C2455361-10E6-475D-837A-2E7A4290E77A;7C7D1EFC-211D-4C2C-974F-FC94D5C210F7;0,6462855
3989A1D3-A3EC-4C4B-BA7E-325FD05232AB;2E7B78CB-5514-462D-BA34-149B5CB62BA5;0,2651833
3989A1D3-A3EC-4C4B-BA7E-325FD05232AB;E6F6460B-B0EA-4C4C-B197-3BB5294B48E6;0,03800188
3989A1D3-A3EC-4C4B-BA7E-325FD05232AB;871A6FC9-561D-4AB2-935E-41DB7C1BB506;0,05087592
3989A1D3-A3EC-4C4B-BA7E-325FD05232AB;5F16CD05-54CC-4A4B-AEC8-6EA279CA3E77;0,2762762
3989A1D3-A3EC-4C4B-BA7E-325FD05232AB;AE236C29-BFC9-4D06-8C88-92DFE13311C7;7,802983
3989A1D3-A3EC-4C4B-BA7E-325FD05232AB;AE3A6D8B-B76A-49DB-9E57-A6993865CF22;0,06642261
3989A1D3-A3EC-4C4B-BA7E-325FD05232AB;1F6EA5DA-C5DA-4C17-A533-F7E31876F347;0,0866319
AA487341-6F9C-408E-9C5C-33E70AE25778;50D75105-8DFD-405E-83F1-39C8B46BB6AF;9,217449
AA487341-6F9C-408E-9C5C-33E70AE25778;8887B7AE-4FD0-4580-A9EF-961BBF5E4D12;2,715688
AA487341-6F9C-408E-9C5C-33E70AE25778;8F0D9512-B767-48D1-8D73-CC471798DD2D;2,141783
ACE463C7-5CF1-40BB-B2F9-381564C8C20A;2E7B78CB-5514-462D-BA34-149B5CB62BA5;0,2749724
ACE463C7-5CF1-40BB-B2F9-381564C8C20A;E6F6460B-B0EA-4C4C-B197-3BB5294B48E6;0,4111621
ACE463C7-5CF1-40BB-B2F9-381564C8C20A;871A6FC9-561D-4AB2-935E-41DB7C1BB506;0,02697055
ACE463C7-5CF1-40BB-B2F9-381564C8C20A;5F16CD05-54CC-4A4B-AEC8-6EA279CA3E77;8,449235
ACE463C7-5CF1-40BB-B2F9-381564C8C20A;AE236C29-BFC9-4D06-8C88-92DFE13311C7;0,1221597
ACE463C7-5CF1-40BB-B2F9-381564C8C20A;AE3A6D8B-B76A-49DB-9E57-A6993865CF22;0,1174274
ACE463C7-5CF1-40BB-B2F9-381564C8C20A;1F6EA5DA-C5DA-4C17-A533-F7E31876F347;0,3701038
C9769BFD-8295-46D7-BA18-3871DE8248F6;3AE4BCAB-92BA-4927-8087-D1E9A50748B0;2,063022
C9769BFD-8295-46D7-BA18-3871DE8248F6;732B8EEE-3DD4-4280-BB1F-E76ACA39EB35;3,303104
C9769BFD-8295-46D7-BA18-3871DE8248F6;AC9727A3-0B89-449B-A25A-F48218F03150;0,4365322
44DCA574-FDAE-4EB5-9235-39A56F533677;3A0C9F26-EBDD-42C8-98A9-430B73F6F6AB;0,9224586
44DCA574-FDAE-4EB5-9235-39A56F533677;7A849E4B-4FB6-481D-94B3-958B3A052615;0,04947569
95FEB9A6-B5E1-4222-96AB-39B338086AC4;6E02365B-F6B0-414B-8C61-02D2A28AC74D;4,972631
95FEB9A6-B5E1-4222-96AB-39B338086AC4;924522E7-1E1D-45E7-9A55-4DBAA194981F;0,4980514
95FEB9A6-B5E1-4222-96AB-39B338086AC4;9D910DB4-5A1F-4149-B77F-6D387454FC74;1,42495
95FEB9A6-B5E1-4222-96AB-39B338086AC4;C39EBCAE-97BC-405A-97FC-B943E3CC8E35;1,84873
95FEB9A6-B5E1-4222-96AB-39B338086AC4;30001328-02D4-4A23-A0D3-E2A0EB83D703;1,307595
7FEFFB17-8F60-464B-A264-3D050137A81F;2E7B78CB-5514-462D-BA34-149B5CB62BA5;0,3660891
7FEFFB17-8F60-464B-A264-3D050137A81F;E6F6460B-B0EA-4C4C-B197-3BB5294B48E6;0,04115615
7FEFFB17-8F60-464B-A264-3D050137A81F;871A6FC9-561D-4AB2-935E-41DB7C1BB506;3,055314
7FEFFB17-8F60-464B-A264-3D050137A81F;5F16CD05-54CC-4A4B-AEC8-6EA279CA3E77;0,1868074
7FEFFB17-8F60-464B-A264-3D050137A81F;AE236C29-BFC9-4D06-8C88-92DFE13311C7;0,1520963
7FEFFB17-8F60-464B-A264-3D050137A81F;AE3A6D8B-B76A-49DB-9E57-A6993865CF22;9,010587
7FEFFB17-8F60-464B-A264-3D050137A81F;1F6EA5DA-C5DA-4C17-A533-F7E31876F347;0,06490383
654031C2-62C3-4E45-9924-41CEAE456514;FBDE5E8A-669A-40ED-B1D6-6C16E97A50C8;11,83719
D2E7B298-E7A2-4652-A628-4496407A4CAC;B284A019-1B46-4052-A96D-08B01F1FC7C1;6,567209
D2E7B298-E7A2-4652-A628-4496407A4CAC;821C0D6E-8D55-4E64-BBA6-0EF2CDFF1DDD;0,7726189
D2E7B298-E7A2-4652-A628-4496407A4CAC;9463F08B-0BB8-43C2-B687-17AA4F02FD79;0,3273882
D2E7B298-E7A2-4652-A628-4496407A4CAC;83816ACD-1157-4DAD-8274-17B422922BEA;0,3540823
D2E7B298-E7A2-4652-A628-4496407A4CAC;59EB9448-88F1-4075-B19F-1CA4038FB591;0,08984414
D2E7B298-E7A2-4652-A628-4496407A4CAC;208544A8-5D67-47D4-9386-1CE48F2F82EF;0,4710415
D2E7B298-E7A2-4652-A628-4496407A4CAC;793F3600-C8D4-4B74-8438-2AF8BE11E7F7;0,2353966
D2E7B298-E7A2-4652-A628-4496407A4CAC;D48B90C5-098C-4A6A-A185-38B03326AA24;0,9982998
D2E7B298-E7A2-4652-A628-4496407A4CAC;08ADA0A2-0ED2-4233-AB49-4533B064868A;0,9173931
D2E7B298-E7A2-4652-A628-4496407A4CAC;65CDEEFE-BA3C-4F28-A512-4B102A8BD7DC;0,7620619
D2E7B298-E7A2-4652-A628-4496407A4CAC;E2D337D1-DBC3-4746-8BA8-628766818C17;0,8178111
D2E7B298-E7A2-4652-A628-4496407A4CAC;B4B2CAA9-306A-4A51-83C7-6FB1264574C3;0,9036303
D2E7B298-E7A2-4652-A628-4496407A4CAC;B14760D8-2EAC-4B85-B272-81679687D984;0,8972003
D2E7B298-E7A2-4652-A628-4496407A4CAC;743BFBCA-59E9-4DD2-882D-8541D482157C;0,9777862
D2E7B298-E7A2-4652-A628-4496407A4CAC;9D50E6AF-3108-4EAA-A366-A4AA20675460;0,2284331
D2E7B298-E7A2-4652-A628-4496407A4CAC;03A1E424-4A15-42C2-9219-AA34F881D0FB;0,8132657
D2E7B298-E7A2-4652-A628-4496407A4CAC;01F987BD-CCD4-4891-A1F6-B11FDD24554E;0,4717189
D2E7B298-E7A2-4652-A628-4496407A4CAC;10577BF7-818A-41C0-9EF5-BFC65D11A90B;0,9920245
D2E7B298-E7A2-4652-A628-4496407A4CAC;238469A1-38A1-45E4-9D1B-C9D637EB7147;0,3963572
D2E7B298-E7A2-4652-A628-4496407A4CAC;213AFAA5-A959-44C3-A0C2-EBA5B15C19EE;0,7974159
F705FB5C-7AEC-4ED8-908F-46D15BD19A5B;6248376F-38F7-4AB5-BCD0-AAE62DF1FBDB;9,079399
94DE620F-02A1-41C0-9E45-4C91E3778C58;BFB48267-B64C-4263-B9BB-25FF97E4B86A;10,57197
94DE620F-02A1-41C0-9E45-4C91E3778C58;60E202D1-7913-4AE1-9763-C9CEF3B99BE3;0,8324363
D0EC2C2D-C236-492F-A66D-4CDAF5C4D187;A5FB0B01-A69B-425E-8671-23CED096C8B0;0,1021877
D0EC2C2D-C236-492F-A66D-4CDAF5C4D187;4BE187CA-F1A8-4A80-8070-55641A062247;0,04093512
D0EC2C2D-C236-492F-A66D-4CDAF5C4D187;76BC98CD-5BF7-4F71-AD8C-7BBE3A298A3C;0,147554
D0EC2C2D-C236-492F-A66D-4CDAF5C4D187;2CDC3ACD-E175-4E43-A963-CA2AEF078D77;0,149809
D0EC2C2D-C236-492F-A66D-4CDAF5C4D187;31FD90A5-B3D7-4C70-9ACA-CD978787DDEC;3,06109
550F443B-C772-4AB1-BA01-4E072C4FBD61;0A785043-D9AF-4B9D-BE27-D86ABC69DA68;10,6909
7B798610-2A3A-4D63-81A3-4E3101BCE386;55FFDB7B-D9A1-4745-A6E6-148F89A931EB;7,79819
7B798610-2A3A-4D63-81A3-4E3101BCE386;6080C36C-872F-48ED-B2E4-22E9EAC5CC1A;0,4985065
7B798610-2A3A-4D63-81A3-4E3101BCE386;DB3A83EA-B076-4738-BF6E-F33E2BBD8E03;0,5044105
7B798610-2A3A-4D63-81A3-4E3101BCE386;A286343F-B3A5-4492-9E5D-F73C3C8ABAE0;0,104568
837B3621-4E05-427A-A706-4F0D9AB288B8;B284A019-1B46-4052-A96D-08B01F1FC7C1;1,72243
837B3621-4E05-427A-A706-4F0D9AB288B8;821C0D6E-8D55-4E64-BBA6-0EF2CDFF1DDD;3,567022
837B3621-4E05-427A-A706-4F0D9AB288B8;9463F08B-0BB8-43C2-B687-17AA4F02FD79;1,808499
837B3621-4E05-427A-A706-4F0D9AB288B8;83816ACD-1157-4DAD-8274-17B422922BEA;8,009622
837B3621-4E05-427A-A706-4F0D9AB288B8;59EB9448-88F1-4075-B19F-1CA4038FB591;0,4963009
837B3621-4E05-427A-A706-4F0D9AB288B8;208544A8-5D67-47D4-9386-1CE48F2F82EF;0,7822632
837B3621-4E05-427A-A706-4F0D9AB288B8;793F3600-C8D4-4B74-8438-2AF8BE11E7F7;1,300336
837B3621-4E05-427A-A706-4F0D9AB288B8;D48B90C5-098C-4A6A-A185-38B03326AA24;2,504794
837B3621-4E05-427A-A706-4F0D9AB288B8;08ADA0A2-0ED2-4233-AB49-4533B064868A;2,110848
837B3621-4E05-427A-A706-4F0D9AB288B8;65CDEEFE-BA3C-4F28-A512-4B102A8BD7DC;2,546211
837B3621-4E05-427A-A706-4F0D9AB288B8;E2D337D1-DBC3-4746-8BA8-628766818C17;1,780812
837B3621-4E05-427A-A706-4F0D9AB288B8;B4B2CAA9-306A-4A51-83C7-6FB1264574C3;2,649614
837B3621-4E05-427A-A706-4F0D9AB288B8;B14760D8-2EAC-4B85-B272-81679687D984;2,617787
837B3621-4E05-427A-A706-4F0D9AB288B8;743BFBCA-59E9-4DD2-882D-8541D482157C;1,955958
837B3621-4E05-427A-A706-4F0D9AB288B8;9D50E6AF-3108-4EAA-A366-A4AA20675460;1,261869
837B3621-4E05-427A-A706-4F0D9AB288B8;03A1E424-4A15-42C2-9219-AA34F881D0FB;2,595067
837B3621-4E05-427A-A706-4F0D9AB288B8;01F987BD-CCD4-4891-A1F6-B11FDD24554E;0,4963009
837B3621-4E05-427A-A706-4F0D9AB288B8;10577BF7-818A-41C0-9EF5-BFC65D11A90B;2,764721
837B3621-4E05-427A-A706-4F0D9AB288B8;238469A1-38A1-45E4-9D1B-C9D637EB7147;2,189485
837B3621-4E05-427A-A706-4F0D9AB288B8;213AFAA5-A959-44C3-A0C2-EBA5B15C19EE;1,897576
531E2E7C-7F01-4F54-8DAC-4F3D023AE09E;6E02365B-F6B0-414B-8C61-02D2A28AC74D;1,200652
531E2E7C-7F01-4F54-8DAC-4F3D023AE09E;924522E7-1E1D-45E7-9A55-4DBAA194981F;0,6248391
531E2E7C-7F01-4F54-8DAC-4F3D023AE09E;9D910DB4-5A1F-4149-B77F-6D387454FC74;6,108377
531E2E7C-7F01-4F54-8DAC-4F3D023AE09E;C39EBCAE-97BC-405A-97FC-B943E3CC8E35;1,773162
531E2E7C-7F01-4F54-8DAC-4F3D023AE09E;30001328-02D4-4A23-A0D3-E2A0EB83D703;1,151838
62625EBE-18B1-4145-9A57-4FA0A4634999;55FFDB7B-D9A1-4745-A6E6-148F89A931EB;0,04931394
62625EBE-18B1-4145-9A57-4FA0A4634999;6080C36C-872F-48ED-B2E4-22E9EAC5CC1A;0,5312869
62625EBE-18B1-4145-9A57-4FA0A4634999;DB3A83EA-B076-4738-BF6E-F33E2BBD8E03;0,8059096
62625EBE-18B1-4145-9A57-4FA0A4634999;A286343F-B3A5-4492-9E5D-F73C3C8ABAE0;7,879913
CE445034-D33D-49E4-B8E0-52CA4077CA88;D482204F-74CB-43E3-A154-2DE3DB45B8F8;9,385394
5BDE6E0C-1A9E-41C7-B488-55039CFB74F4;B284A019-1B46-4052-A96D-08B01F1FC7C1;0,5222208
5BDE6E0C-1A9E-41C7-B488-55039CFB74F4;821C0D6E-8D55-4E64-BBA6-0EF2CDFF1DDD;0,5871643
5BDE6E0C-1A9E-41C7-B488-55039CFB74F4;9463F08B-0BB8-43C2-B687-17AA4F02FD79;0,1044372
5BDE6E0C-1A9E-41C7-B488-55039CFB74F4;83816ACD-1157-4DAD-8274-17B422922BEA;0,1044372
5BDE6E0C-1A9E-41C7-B488-55039CFB74F4;59EB9448-88F1-4075-B19F-1CA4038FB591;0,1044372
5BDE6E0C-1A9E-41C7-B488-55039CFB74F4;208544A8-5D67-47D4-9386-1CE48F2F82EF;0,4605415
5BDE6E0C-1A9E-41C7-B488-55039CFB74F4;793F3600-C8D4-4B74-8438-2AF8BE11E7F7;0,1044372
5BDE6E0C-1A9E-41C7-B488-55039CFB74F4;D48B90C5-098C-4A6A-A185-38B03326AA24;0,8020838
5BDE6E0C-1A9E-41C7-B488-55039CFB74F4;08ADA0A2-0ED2-4233-AB49-4533B064868A;0,5222208
5BDE6E0C-1A9E-41C7-B488-55039CFB74F4;65CDEEFE-BA3C-4F28-A512-4B102A8BD7DC;0,5250388
5BDE6E0C-1A9E-41C7-B488-55039CFB74F4;E2D337D1-DBC3-4746-8BA8-628766818C17;0,5518612
5BDE6E0C-1A9E-41C7-B488-55039CFB74F4;B4B2CAA9-306A-4A51-83C7-6FB1264574C3;0,9501907
5BDE6E0C-1A9E-41C7-B488-55039CFB74F4;B14760D8-2EAC-4B85-B272-81679687D984;0,7464474
5BDE6E0C-1A9E-41C7-B488-55039CFB74F4;743BFBCA-59E9-4DD2-882D-8541D482157C;0,6266925
5BDE6E0C-1A9E-41C7-B488-55039CFB74F4;9D50E6AF-3108-4EAA-A366-A4AA20675460;0,1044372
5BDE6E0C-1A9E-41C7-B488-55039CFB74F4;03A1E424-4A15-42C2-9219-AA34F881D0FB;0,7499771
5BDE6E0C-1A9E-41C7-B488-55039CFB74F4;01F987BD-CCD4-4891-A1F6-B11FDD24554E;7,600968
5BDE6E0C-1A9E-41C7-B488-55039CFB74F4;10577BF7-818A-41C0-9EF5-BFC65D11A90B;1,242801
5BDE6E0C-1A9E-41C7-B488-55039CFB74F4;238469A1-38A1-45E4-9D1B-C9D637EB7147;0,1044372
5BDE6E0C-1A9E-41C7-B488-55039CFB74F4;213AFAA5-A959-44C3-A0C2-EBA5B15C19EE;0,5732207
1032F3C0-0CC9-423A-9CC4-563F3BE41D03;8E4B8B38-6BC0-4B11-8BEC-031E2D415475;9,588015
D149BF06-575F-4C1B-B2B9-57CE952E4736;EE1AE1EA-E9D2-4013-85F1-EEAC2279E010;0,05920192
D3E9E451-1114-40E4-87BC-58DA7273043C;461C522B-CE85-487F-9F8A-283A93EDB9E7;7,293026
05B64C6B-1779-455A-8403-5C6B5734023E;3AE4BCAB-92BA-4927-8087-D1E9A50748B0;0,3254181
05B64C6B-1779-455A-8403-5C6B5734023E;732B8EEE-3DD4-4280-BB1F-E76ACA39EB35;0,4382512
05B64C6B-1779-455A-8403-5C6B5734023E;AC9727A3-0B89-449B-A25A-F48218F03150;6,454216
C759255C-34EC-4512-8CD5-5DAC7DD2AF0E;E638C81B-C32A-4CBD-AAC4-C2454E4B0543;9,773758
D6E3C0B0-1A54-4577-9D45-5E59662F62E0;E43D72E6-008C-4BC8-B87E-C4FBEA68E9B9;10,85518
FF0B03C2-A45B-4F7F-AEEE-5EC3CE68FDD8;C13DFA21-FD31-4626-B84D-B4311AF94296;14,25025
FF0B03C2-A45B-4F7F-AEEE-5EC3CE68FDD8;17D8F7D0-C4E6-4F9D-86D6-D06CBDA692E4;0,6832957
8EBBB0A5-B179-4EF7-A831-61BE2CE6DD04;B284A019-1B46-4052-A96D-08B01F1FC7C1;0,5419188
8EBBB0A5-B179-4EF7-A831-61BE2CE6DD04;821C0D6E-8D55-4E64-BBA6-0EF2CDFF1DDD;2,006471
8EBBB0A5-B179-4EF7-A831-61BE2CE6DD04;9463F08B-0BB8-43C2-B687-17AA4F02FD79;0,2867052
8EBBB0A5-B179-4EF7-A831-61BE2CE6DD04;83816ACD-1157-4DAD-8274-17B422922BEA;0,4434529
8EBBB0A5-B179-4EF7-A831-61BE2CE6DD04;59EB9448-88F1-4075-B19F-1CA4038FB591;0,03733808
8EBBB0A5-B179-4EF7-A831-61BE2CE6DD04;208544A8-5D67-47D4-9386-1CE48F2F82EF;0,2205388
8EBBB0A5-B179-4EF7-A831-61BE2CE6DD04;793F3600-C8D4-4B74-8438-2AF8BE11E7F7;0,1176935
8EBBB0A5-B179-4EF7-A831-61BE2CE6DD04;D48B90C5-098C-4A6A-A185-38B03326AA24;2,610429
8EBBB0A5-B179-4EF7-A831-61BE2CE6DD04;08ADA0A2-0ED2-4233-AB49-4533B064868A;0,9162553
8EBBB0A5-B179-4EF7-A831-61BE2CE6DD04;65CDEEFE-BA3C-4F28-A512-4B102A8BD7DC;0,8814781
8EBBB0A5-B179-4EF7-A831-61BE2CE6DD04;E2D337D1-DBC3-4746-8BA8-628766818C17;0,5827919
8EBBB0A5-B179-4EF7-A831-61BE2CE6DD04;B4B2CAA9-306A-4A51-83C7-6FB1264574C3;1,972731
8EBBB0A5-B179-4EF7-A831-61BE2CE6DD04;B14760D8-2EAC-4B85-B272-81679687D984;7,643137
8EBBB0A5-B179-4EF7-A831-61BE2CE6DD04;743BFBCA-59E9-4DD2-882D-8541D482157C;0,4900474
8EBBB0A5-B179-4EF7-A831-61BE2CE6DD04;9D50E6AF-3108-4EAA-A366-A4AA20675460;0,1440234
8EBBB0A5-B179-4EF7-A831-61BE2CE6DD04;03A1E424-4A15-42C2-9219-AA34F881D0FB;0,7495911
8EBBB0A5-B179-4EF7-A831-61BE2CE6DD04;01F987BD-CCD4-4891-A1F6-B11FDD24554E;0,2458655
8EBBB0A5-B179-4EF7-A831-61BE2CE6DD04;10577BF7-818A-41C0-9EF5-BFC65D11A90B;1,860669
8EBBB0A5-B179-4EF7-A831-61BE2CE6DD04;238469A1-38A1-45E4-9D1B-C9D637EB7147;0,316612
8EBBB0A5-B179-4EF7-A831-61BE2CE6DD04;213AFAA5-A959-44C3-A0C2-EBA5B15C19EE;0,6143735
F2FA4337-9C67-4DFB-9D48-63DC7968D315;1A63759E-2F99-4854-87FC-6C6A64DCEFBC;17,71123
F2FA4337-9C67-4DFB-9D48-63DC7968D315;6E7B6F51-7753-4781-BC9A-8FFF100CE36D;0,6808684
0178A20F-6368-470F-BBF5-645993278EF0;1A63759E-2F99-4854-87FC-6C6A64DCEFBC;1,432135
0178A20F-6368-470F-BBF5-645993278EF0;6E7B6F51-7753-4781-BC9A-8FFF100CE36D;7,769623
EB4760D7-3C33-4BBC-8CA8-64B72B7382A3;6E02365B-F6B0-414B-8C61-02D2A28AC74D;0,5356212
EB4760D7-3C33-4BBC-8CA8-64B72B7382A3;924522E7-1E1D-45E7-9A55-4DBAA194981F;4,991515
EB4760D7-3C33-4BBC-8CA8-64B72B7382A3;9D910DB4-5A1F-4149-B77F-6D387454FC74;0,6643118
EB4760D7-3C33-4BBC-8CA8-64B72B7382A3;C39EBCAE-97BC-405A-97FC-B943E3CC8E35;0,8493339
EB4760D7-3C33-4BBC-8CA8-64B72B7382A3;30001328-02D4-4A23-A0D3-E2A0EB83D703;0,473509
55B5C3EA-6892-4566-8168-6650871DDF79;3B18DD1F-95D1-476A-8DD2-58D8EE320A80;2,903511
55B5C3EA-6892-4566-8168-6650871DDF79;3DA222E2-C975-47E0-9DFF-A6840D52B60C;6,257431
55B5C3EA-6892-4566-8168-6650871DDF79;916686F2-DA96-4444-B39C-D8E4B610BA30;47,34401
2A4E381C-FAA1-4A73-B74D-6787630CC6A3;55FFDB7B-D9A1-4745-A6E6-148F89A931EB;0,06896383
2A4E381C-FAA1-4A73-B74D-6787630CC6A3;6080C36C-872F-48ED-B2E4-22E9EAC5CC1A;2,856968
2A4E381C-FAA1-4A73-B74D-6787630CC6A3;DB3A83EA-B076-4738-BF6E-F33E2BBD8E03;13,09684
2A4E381C-FAA1-4A73-B74D-6787630CC6A3;A286343F-B3A5-4492-9E5D-F73C3C8ABAE0;0,2012041
237E13E0-CF5C-4F10-B11E-6C2AFF64365B;6E02365B-F6B0-414B-8C61-02D2A28AC74D;1,172487
237E13E0-CF5C-4F10-B11E-6C2AFF64365B;924522E7-1E1D-45E7-9A55-4DBAA194981F;0,3768857
237E13E0-CF5C-4F10-B11E-6C2AFF64365B;9D910DB4-5A1F-4149-B77F-6D387454FC74;1,123508
237E13E0-CF5C-4F10-B11E-6C2AFF64365B;C39EBCAE-97BC-405A-97FC-B943E3CC8E35;1,43065
237E13E0-CF5C-4F10-B11E-6C2AFF64365B;30001328-02D4-4A23-A0D3-E2A0EB83D703;4,341596
22EDFD57-26B3-4B52-B984-70768E0CCB4E;D95E0F14-3A38-4009-AB9C-4A33ADEF9076;7,421239
22EDFD57-26B3-4B52-B984-70768E0CCB4E;E9C650BE-C067-4DAB-B1B2-C8DA550F6F95;0,1072994
360255BA-1151-4FDF-84F8-71632326B962;7CB05D05-050E-4115-9BBF-01E9CBE1E4D1;135,1738
360255BA-1151-4FDF-84F8-71632326B962;F2FC9025-B6F9-4DD0-BECC-0348DD5CCDCB;140,0081
360255BA-1151-4FDF-84F8-71632326B962;994F9A1A-15BD-442D-9D4E-035AE71A29C1;125,1851
360255BA-1151-4FDF-84F8-71632326B962;2B624C25-91F0-4FB9-984C-03D7E571A529;126,5368
360255BA-1151-4FDF-84F8-71632326B962;84D82B55-C60C-448F-8DD6-04BB78E20153;172,5271
360255BA-1151-4FDF-84F8-71632326B962;7405A157-42D5-446C-8931-055398684CB9;125,6437
360255BA-1151-4FDF-84F8-71632326B962;808D8D86-CA3F-4BA2-9F09-05FE4AA80CBF;186,4977
360255BA-1151-4FDF-84F8-71632326B962;31BBC2BE-E595-4617-98A9-0630B0D2F3DA;126,2846
360255BA-1151-4FDF-84F8-71632326B962;713FDC1D-9756-4BF3-BD87-066B4282D023;128,7795
360255BA-1151-4FDF-84F8-71632326B962;DB02DEDF-758D-457B-83E9-06A2E07EADD7;190,3463
360255BA-1151-4FDF-84F8-71632326B962;2033BAC9-2CB6-432D-BCFC-06CD80DA6591;128,5081
360255BA-1151-4FDF-84F8-71632326B962;A14CB81D-AC3C-4F50-9DDC-0722AC7DEA8F;132,9242
360255BA-1151-4FDF-84F8-71632326B962;6AD20083-0C58-4528-9613-0889954723E2;128,5081
360255BA-1151-4FDF-84F8-71632326B962;0A3AE919-0126-4D54-B244-089D27365718;127,4494
360255BA-1151-4FDF-84F8-71632326B962;5D02B00A-1A3C-4897-A0BF-08CACA0C892F;127,422
360255BA-1151-4FDF-84F8-71632326B962;6F571A8A-0A80-4046-9963-098D2CFC1178;169,0813
360255BA-1151-4FDF-84F8-71632326B962;560EB247-58D0-448E-B510-0991E5BB72F5;144,201
360255BA-1151-4FDF-84F8-71632326B962;3FB6B7BC-6158-41BC-AEEF-0A66D0DC28D3;125,7606
360255BA-1151-4FDF-84F8-71632326B962;7EA240F7-EA1A-40F3-937D-0A8464D81C67;122,8026
360255BA-1151-4FDF-84F8-71632326B962;BAA5A16C-F84C-4530-B130-0B92EB99125D;135,5019
360255BA-1151-4FDF-84F8-71632326B962;244FAE1E-213A-47C7-A57F-0BF09875C769;145,5544
360255BA-1151-4FDF-84F8-71632326B962;DC50ABB8-8BA0-4931-95D6-0CC310223347;130,6705
360255BA-1151-4FDF-84F8-71632326B962;E3F05923-F476-4281-8215-0D54BEFBA1E6;122,9624
360255BA-1151-4FDF-84F8-71632326B962;D5CB4586-FCBC-4083-A5AF-0D75DA9A7281;127,2723
360255BA-1151-4FDF-84F8-71632326B962;D1AE2467-34D2-4E3D-AFA5-0D7DF88872AF;127,915
360255BA-1151-4FDF-84F8-71632326B962;449894A1-BFA1-40B0-8EA1-0DAE29F00E55;157,4758
360255BA-1151-4FDF-84F8-71632326B962;03031A46-9017-4E3B-98B7-0DDAF7E6184A;128,5081
360255BA-1151-4FDF-84F8-71632326B962;E0C64751-6A9B-4F1C-8D86-0DF728E4EA8F;127,0923
360255BA-1151-4FDF-84F8-71632326B962;DBEFC7AC-C34F-47A9-B406-0ED5C9D6844D;259,1846
360255BA-1151-4FDF-84F8-71632326B962;03A1C680-6499-46FB-806F-0EE638B97024;127,6538
360255BA-1151-4FDF-84F8-71632326B962;95FCDEE9-0914-4EBC-BCAE-0F0E091AF79C;146,7769
360255BA-1151-4FDF-84F8-71632326B962;0F3D8C70-8B61-41B0-BE6E-0F4E230A469E;126,7424
360255BA-1151-4FDF-84F8-71632326B962;4D0520FF-8E55-4642-924A-0F71EBD5D8A4;127,35
360255BA-1151-4FDF-84F8-71632326B962;1DCE8DFC-9E05-4556-8A06-0FF70A98F256;127,4494
360255BA-1151-4FDF-84F8-71632326B962;81921EF9-265D-4C06-8A0A-10AE9E8C1327;144,8602
360255BA-1151-4FDF-84F8-71632326B962;4D45E659-B5A0-4C55-93A6-12C5392CEA20;122,8026
360255BA-1151-4FDF-84F8-71632326B962;040F070D-A75B-4006-A5DF-12FA26D250FA;143,1299
360255BA-1151-4FDF-84F8-71632326B962;B43DB39B-91D1-4BB6-B157-134C232AADDE;122,8026
360255BA-1151-4FDF-84F8-71632326B962;73B97B44-36E5-4EA3-A16B-140D8FEFFF22;136,6269
360255BA-1151-4FDF-84F8-71632326B962;D0708488-B376-4028-801C-14319350D4B7;195,6703
360255BA-1151-4FDF-84F8-71632326B962;241A74E9-2562-4748-A1AD-154794F72731;122,8026
360255BA-1151-4FDF-84F8-71632326B962;61214FE4-3EF1-49B9-809E-159CB626A4E3;169,8606
360255BA-1151-4FDF-84F8-71632326B962;ED15E566-8C5B-4CA9-B990-171723EC0EF7;128,5081
360255BA-1151-4FDF-84F8-71632326B962;8F1EED5F-D465-4BB8-BA0D-17C1991B13CB;127,2723
360255BA-1151-4FDF-84F8-71632326B962;8BFF8871-A1A7-403F-9741-180C21AB166E;127,2723
360255BA-1151-4FDF-84F8-71632326B962;86E68D2A-E705-465C-A825-189A1A43F799;140,7128
360255BA-1151-4FDF-84F8-71632326B962;82BB1E47-9291-46C2-9246-189CC37AC321;124,2569
360255BA-1151-4FDF-84F8-71632326B962;EDBF9130-90B1-4F06-8158-18DAA51BA3DE;129,9269
360255BA-1151-4FDF-84F8-71632326B962;850EEA84-8414-40E5-B9D2-191F5497AE31;175,1298
360255BA-1151-4FDF-84F8-71632326B962;818D041F-4794-44A9-9437-19D3E25AFCEA;150,1341
360255BA-1151-4FDF-84F8-71632326B962;F112B363-3735-4CFD-B9A5-1A162B381FA8;125,6145
360255BA-1151-4FDF-84F8-71632326B962;604FC169-9911-4FFE-87BC-1BEFBC2A4296;153,4539
360255BA-1151-4FDF-84F8-71632326B962;7E806F2B-4658-4AE4-A26B-1C2C958C409C;221,2401
360255BA-1151-4FDF-84F8-71632326B962;FEF4C5CB-BFB4-4F60-850B-1C8453FADBDB;128,5081
360255BA-1151-4FDF-84F8-71632326B962;64D0AA0B-6597-4121-8752-1C9C57669E9A;122,8026
360255BA-1151-4FDF-84F8-71632326B962;1ECA3F11-4A49-4571-BB8F-1CA779EBA2F7;127,2723
360255BA-1151-4FDF-84F8-71632326B962;218B8A61-FD83-49BD-BDE6-1CFFC893A3BB;122,8026
360255BA-1151-4FDF-84F8-71632326B962;14EA942A-2882-4C79-9F53-1D63E5B65182;135,6406
360255BA-1151-4FDF-84F8-71632326B962;A39D8BCE-5DFC-453A-977A-1D74C5FBD1C3;127,4494
360255BA-1151-4FDF-84F8-71632326B962;CEF7DD7C-039F-4EE5-B0F7-1DC3B1CF4360;123,8304
360255BA-1151-4FDF-84F8-71632326B962;95AD5C98-8C0C-4393-B6A4-1DF74FAFE54C;127,4494
360255BA-1151-4FDF-84F8-71632326B962;A3C2186E-8119-4E82-B872-1E23F22B0070;126,5532
360255BA-1151-4FDF-84F8-71632326B962;DB9D2B32-FA62-43C6-8EE0-1E8F1FDA59DB;128,5081
360255BA-1151-4FDF-84F8-71632326B962;889AD560-11ED-44B3-9A6A-1F361958CC1F;127,7818
360255BA-1151-4FDF-84F8-71632326B962;0F6967A2-69A7-40FC-B6E5-1FBC1B23833F;134,7253
360255BA-1151-4FDF-84F8-71632326B962;0D4D6184-C5C7-4B15-AB52-1FFEB29AB357;126,7738
360255BA-1151-4FDF-84F8-71632326B962;D41723E8-D608-47A9-81E3-2039A5DC7699;158,7796
360255BA-1151-4FDF-84F8-71632326B962;05FE5353-6717-4820-883F-206D39ED42E3;127,2723
360255BA-1151-4FDF-84F8-71632326B962;3CBE162A-591D-4824-ACE6-21AB42CE6BA0;139,9332
360255BA-1151-4FDF-84F8-71632326B962;D21A1712-7D27-4DAF-B8C5-21EE3914BDCB;122,8026
360255BA-1151-4FDF-84F8-71632326B962;0CDD93FC-51FC-4A76-9E15-22159BB9796E;146,32
360255BA-1151-4FDF-84F8-71632326B962;F670FC2C-31AC-4B83-851D-22F8E1D7D434;122,8027
360255BA-1151-4FDF-84F8-71632326B962;23933CFE-72BF-43A3-A70E-2344B42A8973;132,5959
360255BA-1151-4FDF-84F8-71632326B962;C5291D59-24F3-4906-98C5-2363E1B3C6E2;122,8026
360255BA-1151-4FDF-84F8-71632326B962;7D705298-3DD5-4E04-A881-2382C6E67B16;126,6765
360255BA-1151-4FDF-84F8-71632326B962;6C07E886-BFD3-4A3C-8603-2388E5C1803F;127,8333
360255BA-1151-4FDF-84F8-71632326B962;3C5F9585-5A4F-436F-960C-2517750971B9;157,4758
360255BA-1151-4FDF-84F8-71632326B962;69889063-DA14-4BAA-9D86-251D0A5128ED;122,8026
360255BA-1151-4FDF-84F8-71632326B962;8181D7A4-BF88-4712-857F-2529415BB944;144,1265
360255BA-1151-4FDF-84F8-71632326B962;216E477B-CF92-492E-BE26-253423239066;136,1969
360255BA-1151-4FDF-84F8-71632326B962;6AA22A67-3585-4217-90EB-253D53340E66;122,8026
360255BA-1151-4FDF-84F8-71632326B962;3154AE6C-D1A2-43F6-8497-25E1326F1145;122,8026
360255BA-1151-4FDF-84F8-71632326B962;FF3A4F3B-EF08-47B0-A4C6-2604655972C2;124,0621
360255BA-1151-4FDF-84F8-71632326B962;BC58E9EF-B517-439B-B22D-260AA101BF29;122,8026
360255BA-1151-4FDF-84F8-71632326B962;D635D3AA-45D7-48B1-B732-2631122BF7F6;146,0534
360255BA-1151-4FDF-84F8-71632326B962;701E6650-90B2-479A-B4FA-276F7F268396;122,8026
360255BA-1151-4FDF-84F8-71632326B962;CC867829-6857-4361-B50E-2898E5AC6AE6;128,5081
360255BA-1151-4FDF-84F8-71632326B962;7BBA903D-9B24-4892-815F-2982AA847F8E;187,5525
360255BA-1151-4FDF-84F8-71632326B962;048538CA-1755-41B7-9B08-2A2E4EDD2E04;122,8026
360255BA-1151-4FDF-84F8-71632326B962;CE4EE90D-FE95-4321-A20D-2A32DBCB8B7C;147,7716
360255BA-1151-4FDF-84F8-71632326B962;6CD7D8F7-B44A-42F7-A80D-2A5571FCE5AF;124,6504
360255BA-1151-4FDF-84F8-71632326B962;7D0669E5-E1D8-4A82-8D1D-2A93CAB22CDC;149,5347
360255BA-1151-4FDF-84F8-71632326B962;F2CFE8C4-2250-42C3-A57F-2B7C0435A8EB;122,8059
360255BA-1151-4FDF-84F8-71632326B962;495CD2F3-4B92-422C-B212-2BD6319571EB;122,9145
360255BA-1151-4FDF-84F8-71632326B962;45F15E47-97FD-4DE9-8EA3-2BECBC43A179;126,5467
360255BA-1151-4FDF-84F8-71632326B962;25342394-1023-454E-A828-2BF785B9F88D;141,1091
360255BA-1151-4FDF-84F8-71632326B962;4F6A8F13-6954-4E93-86D3-2C114C426010;136,7624
360255BA-1151-4FDF-84F8-71632326B962;92016012-7E2E-46D7-A78B-2CA623863E46;157,4758
360255BA-1151-4FDF-84F8-71632326B962;9BDA3EFD-702C-4ED6-9098-2CB6B8005547;127,4494
360255BA-1151-4FDF-84F8-71632326B962;443C3772-5E8C-411C-9571-2D0A9AE5AFDA;122,8042
360255BA-1151-4FDF-84F8-71632326B962;B0CE52DC-C520-4A1D-9175-2D2D475DB76C;122,8026
360255BA-1151-4FDF-84F8-71632326B962;82A01F6C-F202-4B65-91EF-2D53591CA02B;127,4494
360255BA-1151-4FDF-84F8-71632326B962;60D24E59-67C3-4EA7-8145-2DE459E8A54A;122,8026
360255BA-1151-4FDF-84F8-71632326B962;6C9366E9-1DAB-4013-9058-2E3A2D513252;122,8159
360255BA-1151-4FDF-84F8-71632326B962;9817F368-CFE9-47F9-94C4-2EFE736FEFBC;122,8026
360255BA-1151-4FDF-84F8-71632326B962;DF22675D-2B60-479B-BB3B-2F466B1A4331;122,8026
360255BA-1151-4FDF-84F8-71632326B962;A9071C01-17C1-4D3E-AC97-3002A625B250;135,6524
360255BA-1151-4FDF-84F8-71632326B962;7D685896-DDC9-43E2-9A7D-30100B30080E;183,2689
360255BA-1151-4FDF-84F8-71632326B962;AF66F8AB-C8B7-418D-B77C-30527A25C37F;127,2723
360255BA-1151-4FDF-84F8-71632326B962;CAA5809B-FF6D-473C-AC3A-310E13D6DCD6;122,9084
360255BA-1151-4FDF-84F8-71632326B962;F8282899-076B-46B8-92ED-312D50F00F2D;122,8026
360255BA-1151-4FDF-84F8-71632326B962;320E7535-C3A8-49C5-8B91-314BF718E931;122,9054
360255BA-1151-4FDF-84F8-71632326B962;91208D35-30D6-473E-866C-318CA72E892E;205,0097
360255BA-1151-4FDF-84F8-71632326B962;73C100A4-0261-4454-97A2-3194A2D8F161;122,8026
360255BA-1151-4FDF-84F8-71632326B962;695C4597-44BA-4F52-BCCF-31E4C1B3EC76;132,7068
360255BA-1151-4FDF-84F8-71632326B962;97FE654F-1DCC-4693-90B4-321E18F61E46;124,6674
360255BA-1151-4FDF-84F8-71632326B962;8BFC90B9-8B6A-4FD0-A400-32AC779D3200;144,3547
360255BA-1151-4FDF-84F8-71632326B962;B11FA288-5761-4EB4-A962-32E09349B528;141,994
360255BA-1151-4FDF-84F8-71632326B962;86685DC5-07C9-4D02-AC4A-335B032C57FE;123,5491
360255BA-1151-4FDF-84F8-71632326B962;734A8411-C301-4B3B-84A5-35113114A828;180,4905
360255BA-1151-4FDF-84F8-71632326B962;E38397F7-03ED-4421-9CDF-352991B93B37;136,3949
360255BA-1151-4FDF-84F8-71632326B962;1042FD9D-60F0-4E2A-855D-363C39591A8C;122,8059
360255BA-1151-4FDF-84F8-71632326B962;FB287A1C-4A45-45D7-87DD-3767084386A0;124,1272
360255BA-1151-4FDF-84F8-71632326B962;E550D741-2D14-4E44-A676-3895054A7735;122,8026
360255BA-1151-4FDF-84F8-71632326B962;0F71C329-E354-4247-AFC7-38E9500ACC91;127,4494
360255BA-1151-4FDF-84F8-71632326B962;6F22896C-383E-4650-99D3-3A2815EFACAA;157,4758
360255BA-1151-4FDF-84F8-71632326B962;ECA6C359-3174-484E-A782-3AF85AC7BCCB;134,6426
360255BA-1151-4FDF-84F8-71632326B962;4790C750-5197-4D6A-80CD-3B1397270E0B;122,8026
360255BA-1151-4FDF-84F8-71632326B962;D3652D47-5549-44B9-A34F-3B1E86D8A8C5;125,8795
360255BA-1151-4FDF-84F8-71632326B962;EFB679FC-52B0-46E3-BFD8-3B2310C4F5A7;122,8026
360255BA-1151-4FDF-84F8-71632326B962;D6D07E52-B64A-44E0-80AC-3C07A45942F3;127,3962
360255BA-1151-4FDF-84F8-71632326B962;A15521B9-D3FE-469A-ADF3-3CDB65804A55;248,4366
360255BA-1151-4FDF-84F8-71632326B962;BB2036F0-9518-46BB-85DC-3D6889B7B19E;126,5436
360255BA-1151-4FDF-84F8-71632326B962;E6F1C184-2D7A-4310-97B8-3D966A4DB315;205,3526
360255BA-1151-4FDF-84F8-71632326B962;CAAF127A-75D4-4897-BD86-3E09EDF9B1A9;128,5081
360255BA-1151-4FDF-84F8-71632326B962;00A5F368-AFEA-4CA8-A060-3E296694D953;122,8028
360255BA-1151-4FDF-84F8-71632326B962;A04A2A3B-9708-49AC-B212-3E4A54856B2F;129,8128
360255BA-1151-4FDF-84F8-71632326B962;C562EE18-0DF5-4EC6-94D2-3E5FD901751B;145,5544
360255BA-1151-4FDF-84F8-71632326B962;AFC62E08-DCE9-48B9-B7D8-3E634D73189C;145,7514
360255BA-1151-4FDF-84F8-71632326B962;397D419D-80D9-4449-86B9-3F1BB87B97D8;131,3672
360255BA-1151-4FDF-84F8-71632326B962;4B6D15DE-E4DB-4B59-9FD9-3FFCE18E9525;124,1448
360255BA-1151-4FDF-84F8-71632326B962;0A897186-8C57-4A49-8688-404C6092829F;129,8478
360255BA-1151-4FDF-84F8-71632326B962;C6A80C71-C7F0-46FD-9D1A-409A0A984109;122,987
360255BA-1151-4FDF-84F8-71632326B962;027E1387-691B-431D-BC2D-4112CAED85B8;122,8301
360255BA-1151-4FDF-84F8-71632326B962;3EAEC166-1CEA-47EB-B766-41E988AF71F2;122,8026
360255BA-1151-4FDF-84F8-71632326B962;DCC2278F-FBEE-400C-8612-420D8B355803;122,8026
360255BA-1151-4FDF-84F8-71632326B962;DD2B9839-51A5-4F85-A814-42B077ECEB91;122,8028
360255BA-1151-4FDF-84F8-71632326B962;C98D8701-CE23-4774-B21B-434E85987257;130,1586
360255BA-1151-4FDF-84F8-71632326B962;D4F198DE-2313-425C-9CB8-43549A178940;124,1579
360255BA-1151-4FDF-84F8-71632326B962;AF1BD4BD-D63D-4B6B-AEA0-45254557D61D;130,8868
360255BA-1151-4FDF-84F8-71632326B962;CAC88BBD-A868-4CA2-A383-453698692B10;192,1153
360255BA-1151-4FDF-84F8-71632326B962;8E2F27A1-953E-4C9B-B670-45C4E67E4008;122,808
360255BA-1151-4FDF-84F8-71632326B962;96ED6361-1B15-4E37-AE3D-4643C0D77CF7;123,8255
360255BA-1151-4FDF-84F8-71632326B962;6984712C-D340-45FE-BE31-468107368348;127,2723
360255BA-1151-4FDF-84F8-71632326B962;ED7AA944-8515-4AE4-9E24-46DD57DF4443;184,1189
360255BA-1151-4FDF-84F8-71632326B962;9DA853DF-2D53-417D-A18D-4756F8AB2061;177,2883
360255BA-1151-4FDF-84F8-71632326B962;AB82852B-F3F6-4FA0-94EA-475A3AC71E5B;127,7223
360255BA-1151-4FDF-84F8-71632326B962;5A1CC8CF-DE9C-4074-976B-48520B2915C3;201,3378
360255BA-1151-4FDF-84F8-71632326B962;4392DFCF-A057-459A-8947-487FD97FF0C5;126,5556
360255BA-1151-4FDF-84F8-71632326B962;07CF1419-E573-4799-9A35-48E1C8FE5EE8;126,5521
360255BA-1151-4FDF-84F8-71632326B962;D6759A58-8916-416A-A232-4912612A60EA;157,4758
360255BA-1151-4FDF-84F8-71632326B962;74C4F625-AAB9-4F9F-A729-49853E07A8E8;128,7077
360255BA-1151-4FDF-84F8-71632326B962;7F945DED-9914-4251-8F2F-49B029B38E17;122,8026
360255BA-1151-4FDF-84F8-71632326B962;657E15D3-9A43-4FC6-8FE1-4A7B571A7610;146,4578
360255BA-1151-4FDF-84F8-71632326B962;ACFE00F4-08E8-492A-8209-4B86DA102C21;122,8026
360255BA-1151-4FDF-84F8-71632326B962;7F8E4C24-6F2C-44EA-8C1A-4C55D214AFC6;126,1297
360255BA-1151-4FDF-84F8-71632326B962;36713F3E-FB12-4BAE-AFB6-4CDA6A1228B2;127,675
360255BA-1151-4FDF-84F8-71632326B962;0FB175B3-9A6B-455F-A234-4E5C35F694EC;139,4549
360255BA-1151-4FDF-84F8-71632326B962;8907EF73-DB04-482D-851D-4E88BD1867E9;221,2401
360255BA-1151-4FDF-84F8-71632326B962;988F2F4C-FB3E-4283-BE5A-4F27FC74C773;122,8026
360255BA-1151-4FDF-84F8-71632326B962;B3875ABC-CFF9-48E2-9CBE-506239675AF9;135,2827
360255BA-1151-4FDF-84F8-71632326B962;91E19415-5810-4747-B4B3-50BC3DAE38B4;187,2149
360255BA-1151-4FDF-84F8-71632326B962;AD0AB506-E2CE-4751-BF48-50F231521E4C;123,5348
360255BA-1151-4FDF-84F8-71632326B962;D737FF6E-D641-4B06-81D8-51270568FB64;126,9474
360255BA-1151-4FDF-84F8-71632326B962;E9768787-E0CB-40C0-9DB1-51622B951BE9;122,8026
360255BA-1151-4FDF-84F8-71632326B962;77EB6DDC-02DC-4DD8-8EEE-5191470DC3C0;128,2281
360255BA-1151-4FDF-84F8-71632326B962;E105F80E-8156-4816-B473-529D2CBC9D4D;150,27
360255BA-1151-4FDF-84F8-71632326B962;C6CC6954-CD98-4978-848F-5354521CF1D4;205,3526
360255BA-1151-4FDF-84F8-71632326B962;252EFF2F-E386-4AF4-9FEE-537FAD0278E8;157,4758
360255BA-1151-4FDF-84F8-71632326B962;96506601-052E-4368-B6B2-53D3A0C6D9BD;122,8026
360255BA-1151-4FDF-84F8-71632326B962;000BD90B-0D0F-4581-9319-53DCA19F8F8F;126,9474
360255BA-1151-4FDF-84F8-71632326B962;CACEB004-D4CC-40C9-9B14-53DF5AE0BD79;127,2723
360255BA-1151-4FDF-84F8-71632326B962;50E03F4B-B2F8-46E2-BAA2-54176A66BC34;127,2723
360255BA-1151-4FDF-84F8-71632326B962;247AC2EB-262E-4F5A-9AF2-5484CC14172C;122,8026
360255BA-1151-4FDF-84F8-71632326B962;A8CB3156-5302-4C43-A7EA-54C703A39E23;218,0888
360255BA-1151-4FDF-84F8-71632326B962;8D21B46A-22D7-4AE4-A90C-551C41D78907;124,9075
360255BA-1151-4FDF-84F8-71632326B962;D1B9BCAE-9014-413B-8FEE-5599CBA887F7;144,7962
360255BA-1151-4FDF-84F8-71632326B962;CB7589FD-7471-475F-9784-559BBFC738A8;129,5812
360255BA-1151-4FDF-84F8-71632326B962;4B6D0951-9C98-4248-A075-56C9E3D23AFA;204,5674
360255BA-1151-4FDF-84F8-71632326B962;06E4D66E-A6B9-44A2-9C1D-5768DB18518F;127,2723
360255BA-1151-4FDF-84F8-71632326B962;80134F8D-4A26-4D92-8614-579966A18ECB;126,7568
360255BA-1151-4FDF-84F8-71632326B962;C43BCFE5-B1D6-4932-A475-581017AA83B7;135,1889
360255BA-1151-4FDF-84F8-71632326B962;D84B727B-E401-4900-AC4F-58345C7C44C5;125,9338
360255BA-1151-4FDF-84F8-71632326B962;6C39E961-2F74-4F72-8100-5853616FEF06;148,746
360255BA-1151-4FDF-84F8-71632326B962;1F24F542-A8B9-41B7-BA36-58C973788F23;122,8028
360255BA-1151-4FDF-84F8-71632326B962;CB3FEE3A-0551-45F3-BDC7-590BC61DA001;122,8156
360255BA-1151-4FDF-84F8-71632326B962;D3C47CCD-9C47-481D-8D39-5A0A18D2607E;122,8026
360255BA-1151-4FDF-84F8-71632326B962;39FB7163-6484-4BF2-A974-5A11926C3C63;123,1999
360255BA-1151-4FDF-84F8-71632326B962;862A748B-91CF-4136-8588-5A16B0609774;125,2712
360255BA-1151-4FDF-84F8-71632326B962;EF226350-0421-42EC-B48D-5B0FEEF41056;123,584
360255BA-1151-4FDF-84F8-71632326B962;5089D42D-5B30-426C-8230-5B508DEBD920;122,8026
360255BA-1151-4FDF-84F8-71632326B962;763A7107-136A-4EF4-8973-5C2E7A54C8E9;123,3765
360255BA-1151-4FDF-84F8-71632326B962;FD267750-4395-418D-B8F8-5C3E6A6D1E2F;124,7577
360255BA-1151-4FDF-84F8-71632326B962;2EA3BE5D-147C-4138-BD30-5C41C4996027;122,8026
360255BA-1151-4FDF-84F8-71632326B962;E6A189DF-0FF6-4E04-8BDC-5C7273FDC502;157,4758
360255BA-1151-4FDF-84F8-71632326B962;CC603226-EA9B-4B59-88AB-5D9247A63FA1;155,0265
360255BA-1151-4FDF-84F8-71632326B962;D8D1890F-5008-409E-8915-5DEB7A9EB18B;122,8026
360255BA-1151-4FDF-84F8-71632326B962;1538F106-9DE6-488A-8F55-5F117063EA09;135,1769
360255BA-1151-4FDF-84F8-71632326B962;FBFFE50A-49A4-48EE-90CF-5FA5FD434CE6;168,1813
360255BA-1151-4FDF-84F8-71632326B962;77365052-7D8F-49A2-BF42-602F5395E900;129,4456
360255BA-1151-4FDF-84F8-71632326B962;8C8506B7-50D0-4765-BF12-60891B5DC40A;132,2843
360255BA-1151-4FDF-84F8-71632326B962;5FCD9E16-CA89-4D30-949B-60AD27359214;127,2723
360255BA-1151-4FDF-84F8-71632326B962;038B12EE-8FA1-42A2-BC76-60CC61D1A33C;122,8327
360255BA-1151-4FDF-84F8-71632326B962;0F4B1BBA-6602-4D00-8418-61810064D1C0;127,4494
360255BA-1151-4FDF-84F8-71632326B962;6CD20CE2-82BC-40E3-9C51-6249D93B8F8C;128,3455
360255BA-1151-4FDF-84F8-71632326B962;B3576133-3C7E-4112-9552-627E734E0685;134,1852
360255BA-1151-4FDF-84F8-71632326B962;B89C4D05-C287-4FB1-9E6D-62D39F693E2C;127,9164
360255BA-1151-4FDF-84F8-71632326B962;7CAE8170-32FB-4988-8FD1-62E4297BCABB;136,1586
360255BA-1151-4FDF-84F8-71632326B962;D4C6D5B4-7316-4666-B2C0-62E9EFDFF32F;122,8026
360255BA-1151-4FDF-84F8-71632326B962;13A322D9-03B1-4143-9322-63E0A95479EF;128,5081
360255BA-1151-4FDF-84F8-71632326B962;70679E1F-4C2C-4D84-8EF9-64651958159C;127,422
360255BA-1151-4FDF-84F8-71632326B962;C160B292-F8B4-451B-AFEE-663C107CB950;126,2095
360255BA-1151-4FDF-84F8-71632326B962;E7C86937-7B52-4E70-82ED-66CE98B14D6B;125,2237
360255BA-1151-4FDF-84F8-71632326B962;370F30F2-7B0E-4D8D-8112-66E72D47643E;127,4494
360255BA-1151-4FDF-84F8-71632326B962;5FA119F2-2F74-4F77-9F31-67706B8B4CEC;122,8026
360255BA-1151-4FDF-84F8-71632326B962;7BA14D99-633D-4FE2-BCDF-678F1C32C63E;128,1812
360255BA-1151-4FDF-84F8-71632326B962;72AEBD29-084C-41A6-A799-67BDDF66197E;127,4494
360255BA-1151-4FDF-84F8-71632326B962;509F19E5-6998-4670-8ADB-6803EBDC0481;146,6095
360255BA-1151-4FDF-84F8-71632326B962;E4C4DE69-1A36-48EA-BD2D-6823349C1952;122,8026
360255BA-1151-4FDF-84F8-71632326B962;56BFCFC8-22A9-4541-82D5-687FDED4F09A;123,5313
360255BA-1151-4FDF-84F8-71632326B962;68552C8C-3CE4-4DC3-8286-698AA331EA47;127,2723
360255BA-1151-4FDF-84F8-71632326B962;902D4FC4-F737-4B7D-99E0-6AA967D8ACC7;127,422
360255BA-1151-4FDF-84F8-71632326B962;7013B452-0941-40A6-97CB-6BA89D9666AA;133,0807
360255BA-1151-4FDF-84F8-71632326B962;50A6953A-6E8C-42AD-9FDD-6BBCFCF0B691;132,5034
360255BA-1151-4FDF-84F8-71632326B962;FB7660D8-D552-40FC-A49B-6BFF8A651064;148,817
360255BA-1151-4FDF-84F8-71632326B962;CE29C6CF-2757-436E-910B-6C1164E812A3;126,7424
360255BA-1151-4FDF-84F8-71632326B962;932F9033-54F9-4DE0-BE12-6C92AC772B9B;122,877
360255BA-1151-4FDF-84F8-71632326B962;280DAF5A-1F5D-4FF2-95DC-6D0196BEF083;137,4704
360255BA-1151-4FDF-84F8-71632326B962;7204A384-847D-4EB8-8C13-6DBC6A1CD2B0;122,8026
360255BA-1151-4FDF-84F8-71632326B962;CD8BAEC7-8420-4EDA-B6E9-6E41C31EF538;125,8029
360255BA-1151-4FDF-84F8-71632326B962;FA5A66D2-736C-4332-A077-6E74C66F3C7A;122,8026
360255BA-1151-4FDF-84F8-71632326B962;4CB47B58-4F83-4A26-A282-6E94D3B411F4;157,4758
360255BA-1151-4FDF-84F8-71632326B962;F0A939A9-C878-417D-8336-6E95AC69FD20;205,0522
360255BA-1151-4FDF-84F8-71632326B962;893ED60A-9A27-42C1-93CF-6F0D13B3E3F3;122,8026
360255BA-1151-4FDF-84F8-71632326B962;058F6227-5B02-4B45-A1BF-6F419DC48F31;159,5237
360255BA-1151-4FDF-84F8-71632326B962;1A3CC737-3B13-484F-A592-703596702441;127,6714
360255BA-1151-4FDF-84F8-71632326B962;B236FA34-D7BC-4C00-B02B-70F049C20C4A;122,8026
360255BA-1151-4FDF-84F8-71632326B962;26ECF284-036E-4EF3-B4A1-71CFF79A49E2;123,8772
360255BA-1151-4FDF-84F8-71632326B962;B68FD4E0-799F-445D-A955-7273E5C85C93;142,9747
360255BA-1151-4FDF-84F8-71632326B962;C53AE136-D9FE-4368-BEC4-728891FE51B3;128,5081
360255BA-1151-4FDF-84F8-71632326B962;6A5FA4B1-3F5C-488C-89C4-72C1A46BC130;169,0622
360255BA-1151-4FDF-84F8-71632326B962;B6A4FCCD-268E-4222-8389-7300EC4A3C5B;187,4476
360255BA-1151-4FDF-84F8-71632326B962;28AE185B-C69E-4BDC-923A-731FA6C30BF3;127,8814
360255BA-1151-4FDF-84F8-71632326B962;AAEA646B-EE09-4913-AF59-7370CB30B5D3;184,0183
360255BA-1151-4FDF-84F8-71632326B962;672B21AD-B03B-4ED9-B1A0-737D2065BD86;147,7716
360255BA-1151-4FDF-84F8-71632326B962;E544798A-3735-4D6A-92DE-73A038738C72;201,641
360255BA-1151-4FDF-84F8-71632326B962;902790D2-093B-45BF-A353-741320304CD3;127,1259
360255BA-1151-4FDF-84F8-71632326B962;43E112EC-686B-405A-85BF-7414D025574E;122,9027
360255BA-1151-4FDF-84F8-71632326B962;A64BEF5F-AE6F-483F-A26A-745244F5FDD0;152,7317
360255BA-1151-4FDF-84F8-71632326B962;98866EA0-CCE8-4306-BB4D-7458D77D1667;128,5081
360255BA-1151-4FDF-84F8-71632326B962;A0FE97D8-6673-44CA-BF09-755401D6DD87;128,9487
360255BA-1151-4FDF-84F8-71632326B962;CDD772B8-5158-4F52-8AC6-755A5D574477;124,412
360255BA-1151-4FDF-84F8-71632326B962;9F9BBF77-D0A9-4C62-9B56-75809E3AF0F9;133,1033
360255BA-1151-4FDF-84F8-71632326B962;29382CF7-9311-460E-ADA0-762670AF573A;135,8547
360255BA-1151-4FDF-84F8-71632326B962;5768452C-6FE4-4020-8B34-7635445B707C;157,4758
360255BA-1151-4FDF-84F8-71632326B962;6AF79E0E-33FB-4BA1-9856-768F76A0CB77;130,7856
360255BA-1151-4FDF-84F8-71632326B962;21B8C52F-2099-4A95-9E79-7723BA0E1E0C;122,8028
360255BA-1151-4FDF-84F8-71632326B962;5E9F8715-8D47-46C8-9F29-77B7506955F1;134,4518
360255BA-1151-4FDF-84F8-71632326B962;A6A8FBDB-8790-4F86-9F34-782E33F2F8BE;130,0166
360255BA-1151-4FDF-84F8-71632326B962;CA56F9E6-8611-4633-B1B3-78318871A9C7;128,5081
360255BA-1151-4FDF-84F8-71632326B962;51B00A5B-1981-4B08-90E4-789B06C9A183;124,6178
360255BA-1151-4FDF-84F8-71632326B962;B6B99091-A87D-48C9-9D3E-7A05ABF09639;170,2235
360255BA-1151-4FDF-84F8-71632326B962;DBD306C2-7DA8-4B90-8858-7A6D5BC73684;122,958
360255BA-1151-4FDF-84F8-71632326B962;48D56523-2264-4839-9B4B-7B83FE45EC78;164,5812
360255BA-1151-4FDF-84F8-71632326B962;EF92F6E7-898D-4E94-A0A4-7C6389D246CB;157,4758
360255BA-1151-4FDF-84F8-71632326B962;31C03729-AAA5-4ADE-A396-7C6D1E806025;127,4494
360255BA-1151-4FDF-84F8-71632326B962;1280E6C2-6917-4978-88B4-7D295799A39D;126,3956
360255BA-1151-4FDF-84F8-71632326B962;CD7A01BC-F54A-42FF-9619-7D515FFB5492;140,1826
360255BA-1151-4FDF-84F8-71632326B962;239ADD31-5FB0-4A68-BCC8-7D96C83EC6D3;183,2366
360255BA-1151-4FDF-84F8-71632326B962;6CA1A5A9-8DEC-44D2-8A72-7F61EDB1E581;122,8026
360255BA-1151-4FDF-84F8-71632326B962;59E03025-BC4B-42E1-BA40-7F7C32449360;127,4494
360255BA-1151-4FDF-84F8-71632326B962;19345228-7DAB-4A9C-B4F4-7F917200A448;259,1847
360255BA-1151-4FDF-84F8-71632326B962;A9DFF8E1-DEB1-4BC1-B6A7-7F969A80AACA;124,6899
360255BA-1151-4FDF-84F8-71632326B962;058F252B-6B1A-485A-9EA4-803EFDBA0DAB;128,5081
360255BA-1151-4FDF-84F8-71632326B962;3D0F681A-C037-4160-9675-81402B5AE7FD;123,2361
360255BA-1151-4FDF-84F8-71632326B962;F8F522E8-A25F-46B4-A5A5-8178B590DB35;125,392
360255BA-1151-4FDF-84F8-71632326B962;A0FAF8EC-3A38-40E1-8752-829EED59CF08;122,8028
360255BA-1151-4FDF-84F8-71632326B962;83DEA282-8DE9-4B54-B8B2-82AE06B0235E;221,2401
360255BA-1151-4FDF-84F8-71632326B962;65F97BFA-5F6F-4960-BC72-8338F2D39A45;127,1915
360255BA-1151-4FDF-84F8-71632326B962;42202F43-9282-44FA-A923-83410F0901D0;130,9992
360255BA-1151-4FDF-84F8-71632326B962;EB8BD92C-53E9-495B-8477-835E0F7DD4E6;122,8026
360255BA-1151-4FDF-84F8-71632326B962;4FE76106-7FBE-4A20-9568-8363A105377F;134,546
360255BA-1151-4FDF-84F8-71632326B962;9EFFD7CD-9520-4ADF-9BB1-83E28CB04702;122,8026
360255BA-1151-4FDF-84F8-71632326B962;E82F24C6-AFCF-4FE3-A54A-841A6D088AD9;136,8064
360255BA-1151-4FDF-84F8-71632326B962;76E28A0E-8C98-4754-B324-84A5E999A8B4;156,4975
360255BA-1151-4FDF-84F8-71632326B962;E7BBC9DE-0E67-4193-BB5E-854A44EA76FA;209,0672
360255BA-1151-4FDF-84F8-71632326B962;ED10D88B-AFF0-4F5C-B564-8885D863CCEB;154,8461
360255BA-1151-4FDF-84F8-71632326B962;6B409874-9192-4590-9029-8906E6D7983B;137,6943
360255BA-1151-4FDF-84F8-71632326B962;413EEBCD-3B8D-4DF6-A409-895F042E0F42;122,8026
360255BA-1151-4FDF-84F8-71632326B962;E22F2F7A-F050-4D61-AA06-89A41A483C8C;134,721
360255BA-1151-4FDF-84F8-71632326B962;2D542795-85A3-4355-8C9D-8B02E594FEAC;124,5063
360255BA-1151-4FDF-84F8-71632326B962;0D06B9DC-C91C-48CB-A43F-8B0A814BFC51;139,6245
360255BA-1151-4FDF-84F8-71632326B962;354C46A6-9955-4B97-89D5-8B13CA730423;164,9388
360255BA-1151-4FDF-84F8-71632326B962;464BC6A0-8519-4D0C-833C-8B36C1A212F6;124,4245
360255BA-1151-4FDF-84F8-71632326B962;5EAF4026-9515-4044-88E5-8BA32F2AA142;127,4494
360255BA-1151-4FDF-84F8-71632326B962;D45C2B3F-AE02-49D7-A80F-8CE74EE4F25F;222,2014
360255BA-1151-4FDF-84F8-71632326B962;D7AA09E1-B2EF-442D-BCC5-8E8974D8364B;122,8026
360255BA-1151-4FDF-84F8-71632326B962;E0CC9774-6EF3-49E9-BFA7-8E9E0C5E4C5B;127,2723
360255BA-1151-4FDF-84F8-71632326B962;38CD07F1-1A1A-46D6-852E-8F3D6A9769F5;131,8795
360255BA-1151-4FDF-84F8-71632326B962;509FDBDA-0BE8-426C-A017-8FE3AD1F2ED1;132,0038
360255BA-1151-4FDF-84F8-71632326B962;DD79D46E-A00C-4DD7-8114-90EAE4D1FA4C;127,2723
360255BA-1151-4FDF-84F8-71632326B962;D6F3145F-B570-49B4-9275-91036E0175F0;168,6839
360255BA-1151-4FDF-84F8-71632326B962;E4902987-8688-4A82-B454-9140B6A006AC;122,8028
360255BA-1151-4FDF-84F8-71632326B962;558EA6A8-D6A5-4D28-BAC0-915AC0A0A97E;175,3727
360255BA-1151-4FDF-84F8-71632326B962;5719ED9F-AEF0-4D77-9373-91676153816C;129,4424
360255BA-1151-4FDF-84F8-71632326B962;11623713-4672-45E3-B8DA-917B8570E16B;122,8026
360255BA-1151-4FDF-84F8-71632326B962;43531FAB-252A-4F96-A5B2-91E99AF09CD6;128,9298
360255BA-1151-4FDF-84F8-71632326B962;BB5F806D-06D6-4A23-9388-924EB85C52D0;147,7716
360255BA-1151-4FDF-84F8-71632326B962;1A7D30EC-DEB0-41EA-803F-9269A9051911;125,2008
360255BA-1151-4FDF-84F8-71632326B962;4608B244-1169-490D-8851-933827024E6B;123,164
360255BA-1151-4FDF-84F8-71632326B962;7E85048D-9019-4660-9005-93C8A5A87225;124,1761
360255BA-1151-4FDF-84F8-71632326B962;65E25DDC-30C0-4A51-AD18-941D683A16E8;176,3103
360255BA-1151-4FDF-84F8-71632326B962;0D5E443A-619C-450A-9739-942D8C922F77;131,2903
360255BA-1151-4FDF-84F8-71632326B962;B0F3652D-896E-4A21-B966-94F2A035BD42;131,1512
360255BA-1151-4FDF-84F8-71632326B962;3F7524CD-B452-4AC0-A633-950B8951C4D5;123,3736
360255BA-1151-4FDF-84F8-71632326B962;94243B4A-9A18-4B2D-95A3-956680CEC20B;126,7424
360255BA-1151-4FDF-84F8-71632326B962;37A350E0-7B4D-44F3-A946-966B0343653D;157,6924
360255BA-1151-4FDF-84F8-71632326B962;D531837A-B9A5-4137-86DF-9A447792FDE1;128,5081
360255BA-1151-4FDF-84F8-71632326B962;10D99239-6879-4297-9A7F-9A59F5134E16;139,8209
360255BA-1151-4FDF-84F8-71632326B962;A6F4CD52-CFA1-4BF3-9A70-9AB963C140C0;127,673
360255BA-1151-4FDF-84F8-71632326B962;143C90B6-2C45-4646-A5D6-9C01C95343F6;132,3686
360255BA-1151-4FDF-84F8-71632326B962;144552FA-E205-4C24-9703-9C9A83393A86;132,0671
360255BA-1151-4FDF-84F8-71632326B962;9E03AE54-4D17-426E-AE50-9CF32F891056;157,4758
360255BA-1151-4FDF-84F8-71632326B962;BC370D8F-652C-4B9C-A06F-9E47B3428CF3;126,5556
360255BA-1151-4FDF-84F8-71632326B962;AA861433-4EAB-4A7E-9A38-9E4B5F8ADAB7;122,8059
360255BA-1151-4FDF-84F8-71632326B962;C9C66FE5-716F-4D72-8B78-9EF4DFF29769;124,9276
360255BA-1151-4FDF-84F8-71632326B962;F4CDFA8F-FE84-4FFA-AC6E-9F2919450CF3;157,4758
360255BA-1151-4FDF-84F8-71632326B962;0D3F26CE-5638-4B46-A532-A00FFDC13CC8;136,8064
360255BA-1151-4FDF-84F8-71632326B962;F53B48B4-5FB2-48A1-8E30-A0C4B73FCC7B;145,5544
360255BA-1151-4FDF-84F8-71632326B962;5637BF1C-5176-43BC-BDDB-A11CCD853E96;126,6366
360255BA-1151-4FDF-84F8-71632326B962;8C9C32F1-56B1-44B2-BEA2-A1E9EC8FAF85;151,97
360255BA-1151-4FDF-84F8-71632326B962;D0A0EAB1-0B3D-4DB3-BB80-A264CF77FD01;175,9163
360255BA-1151-4FDF-84F8-71632326B962;94630E3B-1B5A-4051-8AE6-A2AE0FE5332A;248,4366
360255BA-1151-4FDF-84F8-71632326B962;C77EC641-1249-4584-9883-A2E662FAAF78;127,4494
360255BA-1151-4FDF-84F8-71632326B962;FD78FE3F-38A9-449B-868D-A36A153D444A;201,641
360255BA-1151-4FDF-84F8-71632326B962;9D580F64-FB5E-43C7-BCC0-A3861AFD1FF9;127,7223
360255BA-1151-4FDF-84F8-71632326B962;EEF9970D-87EC-4FAF-9D4E-A4360C8455F3;127,35
360255BA-1151-4FDF-84F8-71632326B962;C2BCA7A1-24E4-4FF9-B890-A486FB4ECCE6;122,8026
360255BA-1151-4FDF-84F8-71632326B962;A557E3D7-B2AE-4FE2-A770-A717760E3DE2;124,5937
360255BA-1151-4FDF-84F8-71632326B962;A598692D-F7AA-4337-8B23-A7A6701DA51C;157,4758
360255BA-1151-4FDF-84F8-71632326B962;DAEAFC58-BAFC-496C-8EEC-A8F460A441F4;122,877
360255BA-1151-4FDF-84F8-71632326B962;13B8A142-5033-49DE-A13A-A9429DEE8440;135,9334
360255BA-1151-4FDF-84F8-71632326B962;7ACF5B19-D480-4EE9-9D83-A95BD65CCC0F;122,8026
360255BA-1151-4FDF-84F8-71632326B962;DD1DF4E9-8063-4500-BA73-AA063169E62E;151,1216
360255BA-1151-4FDF-84F8-71632326B962;A7DE40DB-262F-459E-A2D8-AB68848A6308;144,5121
360255BA-1151-4FDF-84F8-71632326B962;5144DB9B-A47C-47DC-8A27-ABDF47E5ACA7;139,2699
360255BA-1151-4FDF-84F8-71632326B962;B5B48A5B-32A7-43B7-BDFD-AC3700476E54;126,8991
360255BA-1151-4FDF-84F8-71632326B962;46A9698D-79C3-429E-80F0-AC73F0A87BAE;131,1758
360255BA-1151-4FDF-84F8-71632326B962;10567F9B-B864-4F0B-A615-ACCF771BCC28;125,8614
360255BA-1151-4FDF-84F8-71632326B962;A93DAB80-122B-486B-A144-AD7D89961C9B;122,8415
360255BA-1151-4FDF-84F8-71632326B962;2B0893B9-AE90-4CAB-ACBA-AD88D2183C78;165,9663
360255BA-1151-4FDF-84F8-71632326B962;3E766CFE-D0C5-4374-8377-AEAA42E1E84E;127,4494
360255BA-1151-4FDF-84F8-71632326B962;50A8E6D4-1925-4D95-8727-AEFCF98675FF;124,1328
360255BA-1151-4FDF-84F8-71632326B962;2E5D6A7F-7E34-4192-85CA-AF669855F7B5;131,8536
360255BA-1151-4FDF-84F8-71632326B962;04D02700-2BBC-4E16-9446-B07728BB0A84;259,1847
360255BA-1151-4FDF-84F8-71632326B962;90F1B820-19C4-4AA7-BCD0-B09A494BA009;125,9664
360255BA-1151-4FDF-84F8-71632326B962;2F94C1F6-749A-4AA7-A067-B0EBF4B98AE3;132,856
360255BA-1151-4FDF-84F8-71632326B962;13D3E346-9B51-4CFF-A6E9-B0EF4D8D078D;157,4758
360255BA-1151-4FDF-84F8-71632326B962;4B1E5A73-B8ED-4047-AF42-B17F4546A7C2;122,8028
360255BA-1151-4FDF-84F8-71632326B962;ABFE41D2-91C7-4D4C-A337-B28A84A03614;180,5654
360255BA-1151-4FDF-84F8-71632326B962;072CA8A1-B154-4CFC-9EE1-B29DBF72F170;123,8255
360255BA-1151-4FDF-84F8-71632326B962;3FA05EAB-D225-4701-A276-B3496D5AE0DC;127,3302
360255BA-1151-4FDF-84F8-71632326B962;A7812238-09F7-4EE9-82FD-B3959E37DF11;125,1182
360255BA-1151-4FDF-84F8-71632326B962;3F7D375E-D997-4D00-80C6-B39CA137B745;126,9474
360255BA-1151-4FDF-84F8-71632326B962;664EA20F-B4A2-4AE5-B7AF-B3B5CC77B60C;122,8026
360255BA-1151-4FDF-84F8-71632326B962;1B073EB9-9A9B-48DB-A9B9-B4CC27320B5F;127,4761
360255BA-1151-4FDF-84F8-71632326B962;576FD974-FD45-431F-A408-B53D4C486CD5;132,2502
360255BA-1151-4FDF-84F8-71632326B962;9BEFD809-87EA-492F-8BFB-B54E01F6A657;146,348
360255BA-1151-4FDF-84F8-71632326B962;D68E41B5-ABF5-40CD-B957-B58964572939;125,4313
360255BA-1151-4FDF-84F8-71632326B962;4844BD75-739D-4E3A-90C5-B6A078265DCC;127,6538
360255BA-1151-4FDF-84F8-71632326B962;4F3B79F4-4A0F-4C22-8C6F-B7A8EB6A4666;123,7009
360255BA-1151-4FDF-84F8-71632326B962;D57C3C04-864E-4DE3-A51C-B7CA5596BA40;157,4758
360255BA-1151-4FDF-84F8-71632326B962;A472C85A-7050-4C25-ADB9-B80C2AB6AA64;144,8602
360255BA-1151-4FDF-84F8-71632326B962;026E8DDF-2A7B-466A-9A25-B8FDCAE2A042;195,506
360255BA-1151-4FDF-84F8-71632326B962;7430C053-D581-4852-AC56-B917A22F3255;132,6348
360255BA-1151-4FDF-84F8-71632326B962;81C7DBB9-6A5B-4B37-8762-B9524DC4504F;127,7022
360255BA-1151-4FDF-84F8-71632326B962;002D83F8-D656-41DB-8196-B9895423EEAF;128,5081
360255BA-1151-4FDF-84F8-71632326B962;1D60971A-81F5-48C9-81E1-BB58831AD63E;146,5612
360255BA-1151-4FDF-84F8-71632326B962;D6F6B671-EFB9-45A6-94C3-BB5B6F238FE0;126,5352
360255BA-1151-4FDF-84F8-71632326B962;67985F41-4E0B-4F81-AD6E-BBA3187427D3;136,6071
360255BA-1151-4FDF-84F8-71632326B962;D469D440-D89C-477E-861A-BC30326910D4;122,8026
360255BA-1151-4FDF-84F8-71632326B962;7901A609-9B03-4684-934D-BD61BD01BBC6;128,5775
360255BA-1151-4FDF-84F8-71632326B962;D8E66167-9637-4F18-9A3A-BD9E26462EF3;126,98
360255BA-1151-4FDF-84F8-71632326B962;447E314F-1FD5-48D2-8373-BF560952E50F;127,2723
360255BA-1151-4FDF-84F8-71632326B962;3C2EE172-B30B-4BA2-AEF5-BF9128B9DCF5;122,8026
360255BA-1151-4FDF-84F8-71632326B962;1AD4FA17-5E78-4F36-9D87-BFE566CF201D;127,4494
360255BA-1151-4FDF-84F8-71632326B962;53E30F6B-ECF8-4EEB-8E6B-C034E3FC5386;132,295
360255BA-1151-4FDF-84F8-71632326B962;E3950B9E-8187-4FE7-9141-C059D2865B81;205,3526
360255BA-1151-4FDF-84F8-71632326B962;00DFC8FF-A1C4-40D7-95C1-C097D9A98B39;205,0097
360255BA-1151-4FDF-84F8-71632326B962;C473D36E-7F35-4D22-9C5F-C0C13511ABEC;126,5521
360255BA-1151-4FDF-84F8-71632326B962;87123E5F-9B08-48D9-B1A8-C110E2CD3A6A;136,6019
360255BA-1151-4FDF-84F8-71632326B962;9E956F67-0474-48D8-B9CE-C191847B81F9;133,209
360255BA-1151-4FDF-84F8-71632326B962;1D651BFC-3A44-42D8-B635-C2EF6E643BEB;157,4758
360255BA-1151-4FDF-84F8-71632326B962;D7125D0E-0EE8-4248-940B-C3868B9CB9B6;169,9883
360255BA-1151-4FDF-84F8-71632326B962;C5B60E00-8C2F-4482-B188-C3A17EBAC8AF;183,5566
360255BA-1151-4FDF-84F8-71632326B962;7B9F5CBD-E4A2-4A95-AE95-C4D8D52078B9;127,1824
360255BA-1151-4FDF-84F8-71632326B962;8235E6B2-818E-4762-ADD1-C50EE7718A7D;140,6711
360255BA-1151-4FDF-84F8-71632326B962;C8D221A9-63D0-4D54-B49F-C5C0697C96AC;178,4668
360255BA-1151-4FDF-84F8-71632326B962;D5B38EBB-534E-4923-9D15-C606A0AD10CA;126,5532
360255BA-1151-4FDF-84F8-71632326B962;530A82CC-1799-462C-B490-C77DF89DB8CA;185,2239
360255BA-1151-4FDF-84F8-71632326B962;AA7C736A-6247-4FA9-802B-C8563FB320D3;134,8326
360255BA-1151-4FDF-84F8-71632326B962;CF7DD14C-FE74-4381-8DCA-C85690D837DB;131,2253
360255BA-1151-4FDF-84F8-71632326B962;FF423168-ECB3-41F5-B7CF-C8CD6E918040;122,9145
360255BA-1151-4FDF-84F8-71632326B962;63B6ABF6-3513-41FA-B5D4-C9A2E01A2786;126,5284
360255BA-1151-4FDF-84F8-71632326B962;BB30613F-46B0-4B87-BDAD-CA36B2607030;128,5081
360255BA-1151-4FDF-84F8-71632326B962;D6B50BA9-AE34-4B35-8E8D-CA8B4EC2CC17;122,8279
360255BA-1151-4FDF-84F8-71632326B962;052425AF-F558-4A32-B243-CB02DB9854BA;127,5551
360255BA-1151-4FDF-84F8-71632326B962;90563894-3CE3-47E6-8C6B-CB6E29B18439;122,8026
360255BA-1151-4FDF-84F8-71632326B962;E8D63839-6F41-47AB-9ECD-CC1A493462B6;141,3821
360255BA-1151-4FDF-84F8-71632326B962;49D6C541-CDD6-4F79-A5CD-CC80F5629CE2;123,6864
360255BA-1151-4FDF-84F8-71632326B962;8D7B7342-86D2-4063-89F6-CCC7FB5ADEDB;122,8044
360255BA-1151-4FDF-84F8-71632326B962;427A731A-36B6-41E2-9F0A-CD7FC877519B;123,1747
360255BA-1151-4FDF-84F8-71632326B962;3AB41D3C-53A2-4A62-BBF7-CDFCB0501F66;124,4723
360255BA-1151-4FDF-84F8-71632326B962;BA22F839-6919-4A7C-BF9A-CE2A1C1B6F31;127,6538
360255BA-1151-4FDF-84F8-71632326B962;44A590D8-352A-49A7-BC11-CEFEAE8BADD4;127,8977
360255BA-1151-4FDF-84F8-71632326B962;3900E185-364C-4183-AEB2-CF6949272935;122,8125
360255BA-1151-4FDF-84F8-71632326B962;1E0F716D-B9E6-4984-A9CA-D01EE8EB87C5;122,8028
360255BA-1151-4FDF-84F8-71632326B962;18313FFA-CA52-49AE-89DD-D025725F6B75;122,8026
360255BA-1151-4FDF-84F8-71632326B962;A6D7C159-94DE-4F14-8BAC-D07878D65B6C;127,4494
360255BA-1151-4FDF-84F8-71632326B962;B99B2077-E31A-4F73-A688-D0955057B454;143,4356
360255BA-1151-4FDF-84F8-71632326B962;379A6974-51AB-43A1-A81A-D0B3552F41B3;122,8026
360255BA-1151-4FDF-84F8-71632326B962;E6B55CEF-A05C-43DF-BFAD-D0EB4D90E06D;124,9424
360255BA-1151-4FDF-84F8-71632326B962;FC8F6902-4862-4C94-99D4-D0F96953309C;128,5081
360255BA-1151-4FDF-84F8-71632326B962;19319B4A-1272-42A0-832B-D274DD1E1407;122,8269
360255BA-1151-4FDF-84F8-71632326B962;20C02D46-7A9C-4ACE-A10F-D2F42DC4998C;122,8026
360255BA-1151-4FDF-84F8-71632326B962;6D430D5A-5AF8-4A8F-8BF9-D3180FCDE813;163,8409
360255BA-1151-4FDF-84F8-71632326B962;4102E555-2728-41C3-9763-D41ACB1AFD21;122,8701
360255BA-1151-4FDF-84F8-71632326B962;8B19590E-2BF7-4988-B442-D67131E7AAD8;129,8464
360255BA-1151-4FDF-84F8-71632326B962;67FE0B91-76BA-473C-8D3F-D6F26E76C5C6;137,4902
360255BA-1151-4FDF-84F8-71632326B962;DBC357BB-0A18-4799-975E-D79F9BD7ED68;125,4052
360255BA-1151-4FDF-84F8-71632326B962;E59B52B9-9AA6-440D-B210-D7A8CBEB9245;125,1466
360255BA-1151-4FDF-84F8-71632326B962;45DF6B6F-2729-4A53-A83B-D94EFFE4E107;124,7861
360255BA-1151-4FDF-84F8-71632326B962;39202EB2-E3D4-4044-BB06-D9874AEC5DD3;141,9349
360255BA-1151-4FDF-84F8-71632326B962;558736F4-4DAF-41AD-9BB1-D9FD00C57364;122,8026
360255BA-1151-4FDF-84F8-71632326B962;4CE5B57E-ADDA-4566-AEEE-DA21552FA95F;122,8068
360255BA-1151-4FDF-84F8-71632326B962;D60641FA-F97A-4617-B72E-DAC2D17E38E0;134,5779
360255BA-1151-4FDF-84F8-71632326B962;00D9A401-43AB-450B-BC4B-DADA54A6B188;126,455
360255BA-1151-4FDF-84F8-71632326B962;98A41BA5-DFD7-4DC8-A153-DCDC485D627C;148,737
360255BA-1151-4FDF-84F8-71632326B962;4D7DA9BF-D13D-4F28-8EF7-DD0C3AA4C268;122,8026
360255BA-1151-4FDF-84F8-71632326B962;47639F8E-05BD-4DC6-AB11-DD3987D4B082;127,2723
360255BA-1151-4FDF-84F8-71632326B962;36E0E987-A495-4809-917D-DD896512D379;135,1337
360255BA-1151-4FDF-84F8-71632326B962;A2DDD7AA-F9AE-41D8-B5AC-DEA0CF34E282;125,3251
360255BA-1151-4FDF-84F8-71632326B962;3794C0DE-E7C5-4A27-A5A6-DEA1A587E0C7;123,6553
360255BA-1151-4FDF-84F8-71632326B962;29BB78BC-11DA-4918-A467-DEAD1437D884;186,716
360255BA-1151-4FDF-84F8-71632326B962;29C88700-F452-4A4D-975D-DF3F9F30D765;132,8199
360255BA-1151-4FDF-84F8-71632326B962;AEDA497A-EDB1-405D-8FF0-DFADA68BAE86;125,4468
360255BA-1151-4FDF-84F8-71632326B962;718957FB-A59B-41CD-A232-E0CD2A162A23;129,0226
360255BA-1151-4FDF-84F8-71632326B962;307B2A33-A850-4D5C-9CDC-E0E2BED4BB6D;127,2723
360255BA-1151-4FDF-84F8-71632326B962;E1B59745-6240-464C-A608-E1C0DD76D164;141,6712
360255BA-1151-4FDF-84F8-71632326B962;971D1ED5-5E19-4C2B-94EC-E1FA006BAA20;158,4299
360255BA-1151-4FDF-84F8-71632326B962;AB22BC98-DDC3-4F72-B4B1-E24F53CCA886;130,7376
360255BA-1151-4FDF-84F8-71632326B962;07455A56-2E24-48BD-922D-E35F4D6258DB;133,0318
360255BA-1151-4FDF-84F8-71632326B962;D744B0D0-FB48-4818-A496-E3BBC6EE4166;174,1723
360255BA-1151-4FDF-84F8-71632326B962;D032A178-FA70-4B87-B72F-E47BF0E614DD;168,0461
360255BA-1151-4FDF-84F8-71632326B962;76782F9F-DA82-4183-8B8B-E4B77A1619FE;122,8026
360255BA-1151-4FDF-84F8-71632326B962;99303BDA-30C6-4244-A931-E4E01EAC9504;122,8026
360255BA-1151-4FDF-84F8-71632326B962;35F93BE1-AF03-4961-9756-E5379A461D9D;128,6671
360255BA-1151-4FDF-84F8-71632326B962;2731A646-1DFF-4E6F-899C-E55F3148C221;126,1719
360255BA-1151-4FDF-84F8-71632326B962;25C40B40-1090-4BEE-B2C4-E72A3E52265A;128,582
360255BA-1151-4FDF-84F8-71632326B962;BAFD88D2-918F-4A01-A4C8-E73DD27B59CF;122,846
360255BA-1151-4FDF-84F8-71632326B962;56B0E2E5-3D3D-4E0B-90FE-E77D3159CAA9;125,1657
360255BA-1151-4FDF-84F8-71632326B962;4725D327-250C-4E65-AC85-E81B427D2F5B;132,7599
360255BA-1151-4FDF-84F8-71632326B962;AF81E359-318A-4D19-BF17-E8251C9B8DA4;124,9276
360255BA-1151-4FDF-84F8-71632326B962;F70F5712-8EDD-45CF-8229-E8419A02201B;140,0451
360255BA-1151-4FDF-84F8-71632326B962;4D96CDDF-D555-4C24-8142-E87D174C2B38;131,7246
360255BA-1151-4FDF-84F8-71632326B962;05641438-EF13-48B6-8F8C-E8ABB7D7E6F8;150,8223
360255BA-1151-4FDF-84F8-71632326B962;11CE752E-59F0-41B3-9726-E960E9685A15;136,4308
360255BA-1151-4FDF-84F8-71632326B962;9DC93D14-07D8-46C2-AF0F-EA2073D5111A;122,8026
360255BA-1151-4FDF-84F8-71632326B962;7C22BFF3-DC3F-44CF-8F4A-EA234AA7A0E9;127,4494
360255BA-1151-4FDF-84F8-71632326B962;4A915511-A383-41E7-8E95-EA3E9864F5D7;136,6071
360255BA-1151-4FDF-84F8-71632326B962;CBD2A9F4-24CC-40C0-B9B3-EB542935D590;122,8026
360255BA-1151-4FDF-84F8-71632326B962;0280E078-4DF5-4820-99B0-EC75838BC7FB;127,2723
360255BA-1151-4FDF-84F8-71632326B962;411A9512-22F0-4DDB-BAB7-ED779FE501D9;259,1846
360255BA-1151-4FDF-84F8-71632326B962;85C54566-BC8C-41A0-842D-ED77BFA3C206;184,039
360255BA-1151-4FDF-84F8-71632326B962;67EC38E7-52D6-4EE9-9EAF-ED8D7C7A526B;122,8041
360255BA-1151-4FDF-84F8-71632326B962;717E6AFA-F753-44A6-8431-EDBAA53AD59C;160,7584
360255BA-1151-4FDF-84F8-71632326B962;5C476321-7B3E-4A20-A7AA-EE1D6935945C;123,1855
360255BA-1151-4FDF-84F8-71632326B962;BE604D83-33D9-45D2-878B-EE48DD5CE89F;124,0777
360255BA-1151-4FDF-84F8-71632326B962;8618553B-8A30-4756-B983-EE66989BED7E;128,8323
360255BA-1151-4FDF-84F8-71632326B962;8F4FDB89-10B7-42C1-AF8B-EE8E150C1C04;122,8028
360255BA-1151-4FDF-84F8-71632326B962;8E8653D4-5A8B-4C7F-ABEF-EEA2CCDB1638;128,5081
360255BA-1151-4FDF-84F8-71632326B962;54EED692-BFA4-49C4-AB7A-F14176A6869D;123,7754
360255BA-1151-4FDF-84F8-71632326B962;0313BF63-391B-4543-917C-F1B5ACFEFE0D;122,8026
360255BA-1151-4FDF-84F8-71632326B962;0BAC87ED-4A78-42DD-89FD-F1BBA6CF7E13;131,806
360255BA-1151-4FDF-84F8-71632326B962;0129A6B6-4EF3-4451-A996-F1E933AEED9C;127,4494
360255BA-1151-4FDF-84F8-71632326B962;3CBFF44B-8AE4-4088-BAB6-F28BD0BD94D7;243,1353
360255BA-1151-4FDF-84F8-71632326B962;3403DACA-BD78-4CDE-8137-F33A487A03F5;122,8026
360255BA-1151-4FDF-84F8-71632326B962;B38F900F-2A8C-424A-A400-F3C2A2ED0CD2;128,0855
360255BA-1151-4FDF-84F8-71632326B962;AF255D20-0EDB-4C7E-9631-F42BE671BFCF;122,8026
360255BA-1151-4FDF-84F8-71632326B962;BA957894-EB00-4101-BE6F-F4ABA1D73193;123,6909
360255BA-1151-4FDF-84F8-71632326B962;A3214D11-F562-4258-9157-F516C8D651BA;126,9684
360255BA-1151-4FDF-84F8-71632326B962;1E2C9D3E-8561-4B04-A460-F58E20ED3BCE;157,4758
360255BA-1151-4FDF-84F8-71632326B962;481A78CE-B148-4D0A-ADDF-F5A75352EEFB;130,994
360255BA-1151-4FDF-84F8-71632326B962;3973E991-5E9F-45E1-9653-F5BFA3814A0C;173,2056
360255BA-1151-4FDF-84F8-71632326B962;408EC1AE-D172-4BBC-8B87-F5F0CA610627;126,2554
360255BA-1151-4FDF-84F8-71632326B962;A5D97D94-D6CD-457C-8CAC-F61B347B2B16;127,2723
360255BA-1151-4FDF-84F8-71632326B962;04202CEF-F5A6-4A33-A720-F79F02B481EC;123,1999
360255BA-1151-4FDF-84F8-71632326B962;085420E1-304A-42C8-A326-F8740D74347A;183,5566
360255BA-1151-4FDF-84F8-71632326B962;152DBC6E-CBB5-4951-8CB6-F95CF764C9EF;125,9401
360255BA-1151-4FDF-84F8-71632326B962;E4EF1B7B-5EC6-4ED9-B70F-FA99DE958589;126,9474
360255BA-1151-4FDF-84F8-71632326B962;DBF2830D-58BD-497C-A1DF-FB099E5EBAE8;138,0554
360255BA-1151-4FDF-84F8-71632326B962;D60FFE1E-2A7D-411C-A0EF-FB2DC5612810;128,5081
360255BA-1151-4FDF-84F8-71632326B962;5BD5C1B1-B09F-4994-BB0C-FB865D57DEA7;157,4758
360255BA-1151-4FDF-84F8-71632326B962;29A6897A-4CB9-4C45-BD8C-FB9DFE2F187F;132,1246
360255BA-1151-4FDF-84F8-71632326B962;3C723BF3-C2E6-428F-92A5-FBFFDA7C716F;126,5532
360255BA-1151-4FDF-84F8-71632326B962;E38120E4-9F7F-4A08-8741-FC3B5BA2775A;122,8049
360255BA-1151-4FDF-84F8-71632326B962;ABB29F18-2522-418E-9F7C-FC3D87753AB3;143,4356
360255BA-1151-4FDF-84F8-71632326B962;990B5832-664C-47D6-B63D-FC4AE7A0023C;122,8026
360255BA-1151-4FDF-84F8-71632326B962;C2E75B78-744B-4E93-8AC6-FCCFF8FDCB38;122,8026
360255BA-1151-4FDF-84F8-71632326B962;C5C22852-6D2B-4C0F-8BBE-FD7A062A3D01;128,8352
360255BA-1151-4FDF-84F8-71632326B962;738BFECD-23AD-4F02-B3AD-FFB9DD1729A7;186,5016
3AFE2CD3-B950-41B8-B540-71A1669A8755;17EBC477-9450-444E-92FD-F911E0586DAD;2,588967
3AFE2CD3-B950-41B8-B540-71A1669A8755;5E08CF3C-AB5B-41DD-B049-FB65B3156CF9;11,73063
C38CEF61-17B9-4D68-ADE6-73B669738073;49B1BBDF-9C82-4EF7-8BBB-6555A315AA3F;0,6677591
C38CEF61-17B9-4D68-ADE6-73B669738073;18BFBFC2-D306-4D44-AF4A-78157B5F4016;0,435388
C38CEF61-17B9-4D68-ADE6-73B669738073;79D215F1-51FB-47C9-9FAC-80FF905363BD;0,4198389
C38CEF61-17B9-4D68-ADE6-73B669738073;90F40754-C900-431D-BF3C-A45F458AA375;12,42678
C38CEF61-17B9-4D68-ADE6-73B669738073;ACB2B0A8-96B0-434D-83F8-D93AC48BAFCE;0,3038141
C38CEF61-17B9-4D68-ADE6-73B669738073;7C7D1EFC-211D-4C2C-974F-FC94D5C210F7;0,441984
E045DAF3-EAA3-44DD-8D05-7527C57C7526;2E7B78CB-5514-462D-BA34-149B5CB62BA5;0,1455874
E045DAF3-EAA3-44DD-8D05-7527C57C7526;E6F6460B-B0EA-4C4C-B197-3BB5294B48E6;7,571338
E045DAF3-EAA3-44DD-8D05-7527C57C7526;871A6FC9-561D-4AB2-935E-41DB7C1BB506;0,02099559
E045DAF3-EAA3-44DD-8D05-7527C57C7526;5F16CD05-54CC-4A4B-AEC8-6EA279CA3E77;0,5531893
E045DAF3-EAA3-44DD-8D05-7527C57C7526;AE236C29-BFC9-4D06-8C88-92DFE13311C7;0,0705423
E045DAF3-EAA3-44DD-8D05-7527C57C7526;AE3A6D8B-B76A-49DB-9E57-A6993865CF22;0,03615048
E045DAF3-EAA3-44DD-8D05-7527C57C7526;1F6EA5DA-C5DA-4C17-A533-F7E31876F347;1,897501
7CFAC605-3D48-49E2-819F-75D4D4FEC72E;B284A019-1B46-4052-A96D-08B01F1FC7C1;0,7071328
7CFAC605-3D48-49E2-819F-75D4D4FEC72E;821C0D6E-8D55-4E64-BBA6-0EF2CDFF1DDD;1,4886
7CFAC605-3D48-49E2-819F-75D4D4FEC72E;9463F08B-0BB8-43C2-B687-17AA4F02FD79;0,2785421
7CFAC605-3D48-49E2-819F-75D4D4FEC72E;83816ACD-1157-4DAD-8274-17B422922BEA;0,4785687
7CFAC605-3D48-49E2-819F-75D4D4FEC72E;59EB9448-88F1-4075-B19F-1CA4038FB591;0,07643945
7CFAC605-3D48-49E2-819F-75D4D4FEC72E;208544A8-5D67-47D4-9386-1CE48F2F82EF;0,6084727
7CFAC605-3D48-49E2-819F-75D4D4FEC72E;793F3600-C8D4-4B74-8438-2AF8BE11E7F7;0,2002756
7CFAC605-3D48-49E2-819F-75D4D4FEC72E;D48B90C5-098C-4A6A-A185-38B03326AA24;1,766929
7CFAC605-3D48-49E2-819F-75D4D4FEC72E;08ADA0A2-0ED2-4233-AB49-4533B064868A;0,8438895
7CFAC605-3D48-49E2-819F-75D4D4FEC72E;65CDEEFE-BA3C-4F28-A512-4B102A8BD7DC;6,764542
7CFAC605-3D48-49E2-819F-75D4D4FEC72E;E2D337D1-DBC3-4746-8BA8-628766818C17;1,391281
7CFAC605-3D48-49E2-819F-75D4D4FEC72E;B4B2CAA9-306A-4A51-83C7-6FB1264574C3;1,651102
7CFAC605-3D48-49E2-819F-75D4D4FEC72E;B14760D8-2EAC-4B85-B272-81679687D984;1,376956
7CFAC605-3D48-49E2-819F-75D4D4FEC72E;743BFBCA-59E9-4DD2-882D-8541D482157C;0,9174091
7CFAC605-3D48-49E2-819F-75D4D4FEC72E;9D50E6AF-3108-4EAA-A366-A4AA20675460;0,2611784
7CFAC605-3D48-49E2-819F-75D4D4FEC72E;03A1E424-4A15-42C2-9219-AA34F881D0FB;0,9402995
7CFAC605-3D48-49E2-819F-75D4D4FEC72E;01F987BD-CCD4-4891-A1F6-B11FDD24554E;0,4585083
7CFAC605-3D48-49E2-819F-75D4D4FEC72E;10577BF7-818A-41C0-9EF5-BFC65D11A90B;1,499291
7CFAC605-3D48-49E2-819F-75D4D4FEC72E;238469A1-38A1-45E4-9D1B-C9D637EB7147;0,3372209
7CFAC605-3D48-49E2-819F-75D4D4FEC72E;213AFAA5-A959-44C3-A0C2-EBA5B15C19EE;0,7531893
723D93D4-6E34-4134-BF58-762828BF6D12;A5FB0B01-A69B-425E-8671-23CED096C8B0;0,1190512
723D93D4-6E34-4134-BF58-762828BF6D12;4BE187CA-F1A8-4A80-8070-55641A062247;2,896375
723D93D4-6E34-4134-BF58-762828BF6D12;76BC98CD-5BF7-4F71-AD8C-7BBE3A298A3C;0,1740497
723D93D4-6E34-4134-BF58-762828BF6D12;2CDC3ACD-E175-4E43-A963-CA2AEF078D77;0,1367804
723D93D4-6E34-4134-BF58-762828BF6D12;31FD90A5-B3D7-4C70-9ACA-CD978787DDEC;0,09158024
0DDB8972-B4C1-460B-A04B-76303E1B1C5D;90559E37-D812-42AC-B210-6F814D238E76;0,4619462
0DDB8972-B4C1-460B-A04B-76303E1B1C5D;8AA98EDE-5DCD-438E-ACCC-B918976564AB;11,54142
0A60D08D-1510-4EC7-981D-7CD886616FCC;13959FC2-613E-4C44-90D3-1CF6E05DFD7B;9,079399
975E64C5-BF28-48BF-A70F-7E245ACC7004;B284A019-1B46-4052-A96D-08B01F1FC7C1;2,974898
975E64C5-BF28-48BF-A70F-7E245ACC7004;821C0D6E-8D55-4E64-BBA6-0EF2CDFF1DDD;3,767655
975E64C5-BF28-48BF-A70F-7E245ACC7004;9463F08B-0BB8-43C2-B687-17AA4F02FD79;3,079736
975E64C5-BF28-48BF-A70F-7E245ACC7004;83816ACD-1157-4DAD-8274-17B422922BEA;3,188888
975E64C5-BF28-48BF-A70F-7E245ACC7004;59EB9448-88F1-4075-B19F-1CA4038FB591;1,380454
975E64C5-BF28-48BF-A70F-7E245ACC7004;208544A8-5D67-47D4-9386-1CE48F2F82EF;2,175855
975E64C5-BF28-48BF-A70F-7E245ACC7004;793F3600-C8D4-4B74-8438-2AF8BE11E7F7;3,616867
975E64C5-BF28-48BF-A70F-7E245ACC7004;D48B90C5-098C-4A6A-A185-38B03326AA24;3,662149
975E64C5-BF28-48BF-A70F-7E245ACC7004;08ADA0A2-0ED2-4233-AB49-4533B064868A;2,974898
975E64C5-BF28-48BF-A70F-7E245ACC7004;65CDEEFE-BA3C-4F28-A512-4B102A8BD7DC;3,812737
975E64C5-BF28-48BF-A70F-7E245ACC7004;E2D337D1-DBC3-4746-8BA8-628766818C17;3,028396
975E64C5-BF28-48BF-A70F-7E245ACC7004;B4B2CAA9-306A-4A51-83C7-6FB1264574C3;3,873162
975E64C5-BF28-48BF-A70F-7E245ACC7004;B14760D8-2EAC-4B85-B272-81679687D984;3,850753
975E64C5-BF28-48BF-A70F-7E245ACC7004;743BFBCA-59E9-4DD2-882D-8541D482157C;3,188888
975E64C5-BF28-48BF-A70F-7E245ACC7004;9D50E6AF-3108-4EAA-A366-A4AA20675460;9,112726
975E64C5-BF28-48BF-A70F-7E245ACC7004;03A1E424-4A15-42C2-9219-AA34F881D0FB;4,058684
975E64C5-BF28-48BF-A70F-7E245ACC7004;01F987BD-CCD4-4891-A1F6-B11FDD24554E;1,380454
975E64C5-BF28-48BF-A70F-7E245ACC7004;10577BF7-818A-41C0-9EF5-BFC65D11A90B;2,946229
975E64C5-BF28-48BF-A70F-7E245ACC7004;238469A1-38A1-45E4-9D1B-C9D637EB7147;3,402877
975E64C5-BF28-48BF-A70F-7E245ACC7004;213AFAA5-A959-44C3-A0C2-EBA5B15C19EE;3,13539
AF935AF6-C703-4B55-8D5B-7FE376959C6C;031404B3-7D0C-4FED-A405-1017DA99A6B6;9,588015
026BEDD8-AB02-40BE-A7E0-832C0AF8C47C;B284A019-1B46-4052-A96D-08B01F1FC7C1;3,637574
026BEDD8-AB02-40BE-A7E0-832C0AF8C47C;821C0D6E-8D55-4E64-BBA6-0EF2CDFF1DDD;3,57216
026BEDD8-AB02-40BE-A7E0-832C0AF8C47C;9463F08B-0BB8-43C2-B687-17AA4F02FD79;3,765766
026BEDD8-AB02-40BE-A7E0-832C0AF8C47C;83816ACD-1157-4DAD-8274-17B422922BEA;3,899231
026BEDD8-AB02-40BE-A7E0-832C0AF8C47C;59EB9448-88F1-4075-B19F-1CA4038FB591;1,687959
026BEDD8-AB02-40BE-A7E0-832C0AF8C47C;208544A8-5D67-47D4-9386-1CE48F2F82EF;2,660539
026BEDD8-AB02-40BE-A7E0-832C0AF8C47C;793F3600-C8D4-4B74-8438-2AF8BE11E7F7;9,505209
026BEDD8-AB02-40BE-A7E0-832C0AF8C47C;D48B90C5-098C-4A6A-A185-38B03326AA24;3,506745
026BEDD8-AB02-40BE-A7E0-832C0AF8C47C;08ADA0A2-0ED2-4233-AB49-4533B064868A;4,707964
026BEDD8-AB02-40BE-A7E0-832C0AF8C47C;65CDEEFE-BA3C-4F28-A512-4B102A8BD7DC;3,637574
026BEDD8-AB02-40BE-A7E0-832C0AF8C47C;E2D337D1-DBC3-4746-8BA8-628766818C17;3,702988
026BEDD8-AB02-40BE-A7E0-832C0AF8C47C;B4B2CAA9-306A-4A51-83C7-6FB1264574C3;3,637574
026BEDD8-AB02-40BE-A7E0-832C0AF8C47C;B14760D8-2EAC-4B85-B272-81679687D984;3,653446
026BEDD8-AB02-40BE-A7E0-832C0AF8C47C;743BFBCA-59E9-4DD2-882D-8541D482157C;3,899231
026BEDD8-AB02-40BE-A7E0-832C0AF8C47C;9D50E6AF-3108-4EAA-A366-A4AA20675460;4,291716
026BEDD8-AB02-40BE-A7E0-832C0AF8C47C;03A1E424-4A15-42C2-9219-AA34F881D0FB;3,702988
026BEDD8-AB02-40BE-A7E0-832C0AF8C47C;01F987BD-CCD4-4891-A1F6-B11FDD24554E;1,687959
026BEDD8-AB02-40BE-A7E0-832C0AF8C47C;10577BF7-818A-41C0-9EF5-BFC65D11A90B;3,602519
026BEDD8-AB02-40BE-A7E0-832C0AF8C47C;238469A1-38A1-45E4-9D1B-C9D637EB7147;4,160888
026BEDD8-AB02-40BE-A7E0-832C0AF8C47C;213AFAA5-A959-44C3-A0C2-EBA5B15C19EE;3,833817
FD1AE681-4A60-41E3-B619-85112CA33759;CFBB5B0F-EE3C-4773-8BC3-C0A3098DFEC0;4,66628E-05
FD1AE681-4A60-41E3-B619-85112CA33759;9D7FE2CF-E627-4F91-B33D-D7F1E6AC8E29;3,982277
0C8373B1-CC97-4C0C-A839-8ADE1A2BCB7E;AD643FD6-3AAB-4D22-AF24-702196F8CBEC;9,079399
243C8C2E-17A2-4E52-BEFC-8B63370AA22C;650163FF-82C2-4772-B2AF-3FCB8676F710;9,096266
7A039378-056C-4B64-B6FA-91159549EAAC;AE9EC22F-5174-474B-8818-94625970087A;11,17234
31AFAA9D-EC10-45F8-8532-91E6526347A8;F830FCF3-D6F5-4473-88B5-118C36DF0907;9,079399
145F7466-9CC4-449F-93DC-928C9A58DC75;2F475113-85CE-431A-82AD-AE09B66E42B1;9,385394
2725D767-8175-465E-B687-961BC3788F59;50D75105-8DFD-405E-83F1-39C8B46BB6AF;2,708526
2725D767-8175-465E-B687-961BC3788F59;8887B7AE-4FD0-4580-A9EF-961BBF5E4D12;2,716822
2725D767-8175-465E-B687-961BC3788F59;8F0D9512-B767-48D1-8D73-CC471798DD2D;10,19521
B62929C2-F30F-4D34-BBD6-9B1D086389D4;BC752C55-2670-4ABC-87D9-F1021DFA569D;4,884527
E17604B0-5E53-4121-A1F1-9DDE7C98B804;3A26115D-2E96-4FA2-8532-C53A594F4637;12,49339
E17604B0-5E53-4121-A1F1-9DDE7C98B804;F9FD4D5E-9CD8-4E1F-A639-D5A89EEBDB3F;0,1260194
2A935894-9FE5-4ACA-BFE1-A1DED6170F08;CFBB5B0F-EE3C-4773-8BC3-C0A3098DFEC0;2,98202
2A935894-9FE5-4ACA-BFE1-A1DED6170F08;9D7FE2CF-E627-4F91-B33D-D7F1E6AC8E29;0,7959683
19F796C8-CC3E-42E3-A1E7-A5D85BE9B654;A8A67517-CEA4-4600-AE16-1AF0A0F8BA0F;0,4069396
B2B69E0F-D12B-41A0-9B61-AE6E5A3D8DC4;B284A019-1B46-4052-A96D-08B01F1FC7C1;0,8889678
B2B69E0F-D12B-41A0-9B61-AE6E5A3D8DC4;821C0D6E-8D55-4E64-BBA6-0EF2CDFF1DDD;0,9809107
B2B69E0F-D12B-41A0-9B61-AE6E5A3D8DC4;9463F08B-0BB8-43C2-B687-17AA4F02FD79;0,2937512
B2B69E0F-D12B-41A0-9B61-AE6E5A3D8DC4;83816ACD-1157-4DAD-8274-17B422922BEA;0,4035759
B2B69E0F-D12B-41A0-9B61-AE6E5A3D8DC4;59EB9448-88F1-4075-B19F-1CA4038FB591;0,1242959
B2B69E0F-D12B-41A0-9B61-AE6E5A3D8DC4;208544A8-5D67-47D4-9386-1CE48F2F82EF;0,7547542
B2B69E0F-D12B-41A0-9B61-AE6E5A3D8DC4;793F3600-C8D4-4B74-8438-2AF8BE11E7F7;0,2947693
B2B69E0F-D12B-41A0-9B61-AE6E5A3D8DC4;D48B90C5-098C-4A6A-A185-38B03326AA24;1,237878
B2B69E0F-D12B-41A0-9B61-AE6E5A3D8DC4;08ADA0A2-0ED2-4233-AB49-4533B064868A;7,186735
B2B69E0F-D12B-41A0-9B61-AE6E5A3D8DC4;65CDEEFE-BA3C-4F28-A512-4B102A8BD7DC;0,8252535
B2B69E0F-D12B-41A0-9B61-AE6E5A3D8DC4;E2D337D1-DBC3-4746-8BA8-628766818C17;1,179693
B2B69E0F-D12B-41A0-9B61-AE6E5A3D8DC4;B4B2CAA9-306A-4A51-83C7-6FB1264574C3;1,331703
B2B69E0F-D12B-41A0-9B61-AE6E5A3D8DC4;B14760D8-2EAC-4B85-B272-81679687D984;1,701358
B2B69E0F-D12B-41A0-9B61-AE6E5A3D8DC4;743BFBCA-59E9-4DD2-882D-8541D482157C;0,8773248
B2B69E0F-D12B-41A0-9B61-AE6E5A3D8DC4;9D50E6AF-3108-4EAA-A366-A4AA20675460;0,204963
B2B69E0F-D12B-41A0-9B61-AE6E5A3D8DC4;03A1E424-4A15-42C2-9219-AA34F881D0FB;1,276251
B2B69E0F-D12B-41A0-9B61-AE6E5A3D8DC4;01F987BD-CCD4-4891-A1F6-B11FDD24554E;0,4232528
B2B69E0F-D12B-41A0-9B61-AE6E5A3D8DC4;10577BF7-818A-41C0-9EF5-BFC65D11A90B;1,485277
B2B69E0F-D12B-41A0-9B61-AE6E5A3D8DC4;238469A1-38A1-45E4-9D1B-C9D637EB7147;0,355634
B2B69E0F-D12B-41A0-9B61-AE6E5A3D8DC4;213AFAA5-A959-44C3-A0C2-EBA5B15C19EE;0,7154865
2FD2566A-E28F-4824-85A1-B2950DF2FCC5;49B1BBDF-9C82-4EF7-8BBB-6555A315AA3F;9,131028
2FD2566A-E28F-4824-85A1-B2950DF2FCC5;18BFBFC2-D306-4D44-AF4A-78157B5F4016;1,252893
2FD2566A-E28F-4824-85A1-B2950DF2FCC5;79D215F1-51FB-47C9-9FAC-80FF905363BD;0,6966155
2FD2566A-E28F-4824-85A1-B2950DF2FCC5;90F40754-C900-431D-BF3C-A45F458AA375;0,3899552
2FD2566A-E28F-4824-85A1-B2950DF2FCC5;ACB2B0A8-96B0-434D-83F8-D93AC48BAFCE;0,5019099
2FD2566A-E28F-4824-85A1-B2950DF2FCC5;7C7D1EFC-211D-4C2C-974F-FC94D5C210F7;0,5149695
A7FA99E4-5A3F-4C3E-AAE4-B5F2E913C361;81D534FA-102C-4BFE-BF34-9512C00C3E1E;9,049455
83BE87E5-C255-41A7-BC0B-B651B93C7FF5;457B9928-B2E6-4173-84C4-211BDA4947BF;9,079399
F360557F-EF03-497F-A7D8-B9BF6EC486B0;6E02365B-F6B0-414B-8C61-02D2A28AC74D;1,70875
F360557F-EF03-497F-A7D8-B9BF6EC486B0;924522E7-1E1D-45E7-9A55-4DBAA194981F;0,8917453
F360557F-EF03-497F-A7D8-B9BF6EC486B0;9D910DB4-5A1F-4149-B77F-6D387454FC74;1,941288
F360557F-EF03-497F-A7D8-B9BF6EC486B0;C39EBCAE-97BC-405A-97FC-B943E3CC8E35;7,699968
F360557F-EF03-497F-A7D8-B9BF6EC486B0;30001328-02D4-4A23-A0D3-E2A0EB83D703;1,531172
3B09E139-7A51-4D1E-AEB2-BC68482E855C;55FFDB7B-D9A1-4745-A6E6-148F89A931EB;0,06175308
3B09E139-7A51-4D1E-AEB2-BC68482E855C;6080C36C-872F-48ED-B2E4-22E9EAC5CC1A;12,27979
3B09E139-7A51-4D1E-AEB2-BC68482E855C;DB3A83EA-B076-4738-BF6E-F33E2BBD8E03;2,698113
3B09E139-7A51-4D1E-AEB2-BC68482E855C;A286343F-B3A5-4492-9E5D-F73C3C8ABAE0;0,1160876
5D1A922F-3D50-46D5-893C-C2AD6C710428;3B18DD1F-95D1-476A-8DD2-58D8EE320A80;1,497535
5D1A922F-3D50-46D5-893C-C2AD6C710428;3DA222E2-C975-47E0-9DFF-A6840D52B60C;12,00326
5D1A922F-3D50-46D5-893C-C2AD6C710428;916686F2-DA96-4444-B39C-D8E4B610BA30;0,529732
B426960F-BC7E-4591-BB7B-C2B70225C66B;2E7B78CB-5514-462D-BA34-149B5CB62BA5;0,6141339
B426960F-BC7E-4591-BB7B-C2B70225C66B;E6F6460B-B0EA-4C4C-B197-3BB5294B48E6;0,0493781
B426960F-BC7E-4591-BB7B-C2B70225C66B;871A6FC9-561D-4AB2-935E-41DB7C1BB506;8,497238
B426960F-BC7E-4591-BB7B-C2B70225C66B;5F16CD05-54CC-4A4B-AEC8-6EA279CA3E77;0,1798149
B426960F-BC7E-4591-BB7B-C2B70225C66B;AE236C29-BFC9-4D06-8C88-92DFE13311C7;0,2485087
B426960F-BC7E-4591-BB7B-C2B70225C66B;AE3A6D8B-B76A-49DB-9E57-A6993865CF22;4,458581
B426960F-BC7E-4591-BB7B-C2B70225C66B;1F6EA5DA-C5DA-4C17-A533-F7E31876F347;0,09221806
90E9CBAA-21A4-4258-84BC-C6CBF429825A;D95E0F14-3A38-4009-AB9C-4A33ADEF9076;0,06184511
90E9CBAA-21A4-4258-84BC-C6CBF429825A;E9C650BE-C067-4DAB-B1B2-C8DA550F6F95;9,217397
FDFF19FC-09EA-49B5-B766-C7125AEFEB8C;90559E37-D812-42AC-B210-6F814D238E76;11,73817
FDFF19FC-09EA-49B5-B766-C7125AEFEB8C;8AA98EDE-5DCD-438E-ACCC-B918976564AB;0,08504698
8CBAED31-8FA0-414E-A7AE-C780B83567C9;81C65D4C-D0DB-47F7-932E-741B9168B0FA;0,1426931
8CBAED31-8FA0-414E-A7AE-C780B83567C9;6FD0834E-82E3-4660-8D85-F64F271BFBC0;0,3336554
F0EF7E62-2B9A-429A-A06C-CDC04CE5B165;90C058B7-59A8-4932-B1E0-925C4FDD1213;15,17265
D25CCA4B-AF00-44C2-A718-D19171AA0EA8;76720D0E-9C6D-414F-9FF4-F52365992AC7;9,079399
19D7A2CD-259A-4430-8F11-D2AD5ECA4A4D;244E7440-1C75-4943-B20E-3F2671FF83DF;10,6909
697CC1F8-D732-4D3C-AB4C-D4730B423939;2AB43FE8-CDC3-4CC9-8167-7BB79A505490;0,2507404
697CC1F8-D732-4D3C-AB4C-D4730B423939;3EF517DC-03CA-4551-99B2-96E0BE0B63DB;0,1164535
FC1669D3-E710-4C6B-9D94-D5DABF65AD41;F526AFBE-D13D-41CB-8D35-A444842C98D3;11,57111
7BB86D88-4840-4165-845B-D5FC6E62BF9F;168E2513-53D9-47BD-882B-E4CE2AFDC2B7;10,92742
C57CBF15-6BA3-405A-998B-D8E6696EB67A;ED927920-0EA5-4EDF-B4AB-9BF700B14B8A;0,3685899
1F174535-6739-43C9-A815-DFC696A058E9;BFB48267-B64C-4263-B9BB-25FF97E4B86A;1,088681
1F174535-6739-43C9-A815-DFC696A058E9;60E202D1-7913-4AE1-9763-C9CEF3B99BE3;7,776525
96A39BB8-1930-4325-BDA9-E05107056C17;B284A019-1B46-4052-A96D-08B01F1FC7C1;3,761784
96A39BB8-1930-4325-BDA9-E05107056C17;821C0D6E-8D55-4E64-BBA6-0EF2CDFF1DDD;3,108015
96A39BB8-1930-4325-BDA9-E05107056C17;9463F08B-0BB8-43C2-B687-17AA4F02FD79;1,623843
96A39BB8-1930-4325-BDA9-E05107056C17;83816ACD-1157-4DAD-8274-17B422922BEA;1,756245
96A39BB8-1930-4325-BDA9-E05107056C17;59EB9448-88F1-4075-B19F-1CA4038FB591;0,4456262
96A39BB8-1930-4325-BDA9-E05107056C17;208544A8-5D67-47D4-9386-1CE48F2F82EF;2,336362
96A39BB8-1930-4325-BDA9-E05107056C17;793F3600-C8D4-4B74-8438-2AF8BE11E7F7;1,167565
96A39BB8-1930-4325-BDA9-E05107056C17;D48B90C5-098C-4A6A-A185-38B03326AA24;2,895334
96A39BB8-1930-4325-BDA9-E05107056C17;08ADA0A2-0ED2-4233-AB49-4533B064868A;3,761784
96A39BB8-1930-4325-BDA9-E05107056C17;65CDEEFE-BA3C-4F28-A512-4B102A8BD7DC;3,77982
96A39BB8-1930-4325-BDA9-E05107056C17;E2D337D1-DBC3-4746-8BA8-628766818C17;4,056336
96A39BB8-1930-4325-BDA9-E05107056C17;B4B2CAA9-306A-4A51-83C7-6FB1264574C3;3,761784
96A39BB8-1930-4325-BDA9-E05107056C17;B14760D8-2EAC-4B85-B272-81679687D984;3,289841
96A39BB8-1930-4325-BDA9-E05107056C17;743BFBCA-59E9-4DD2-882D-8541D482157C;8,437565
96A39BB8-1930-4325-BDA9-E05107056C17;9D50E6AF-3108-4EAA-A366-A4AA20675460;1,133026
96A39BB8-1930-4325-BDA9-E05107056C17;03A1E424-4A15-42C2-9219-AA34F881D0FB;4,033791
96A39BB8-1930-4325-BDA9-E05107056C17;01F987BD-CCD4-4891-A1F6-B11FDD24554E;2,339722
96A39BB8-1930-4325-BDA9-E05107056C17;10577BF7-818A-41C0-9EF5-BFC65D11A90B;3,136974
96A39BB8-1930-4325-BDA9-E05107056C17;238469A1-38A1-45E4-9D1B-C9D637EB7147;3,573147
96A39BB8-1930-4325-BDA9-E05107056C17;213AFAA5-A959-44C3-A0C2-EBA5B15C19EE;3,955176
72CD3351-1078-4E3D-8E89-E1CFA2E3F724;DB89F2A0-B44B-4F4F-BFE1-BF21591AC1B8;5,579236
603A0C17-2E43-42D6-98FE-E3C03518AB49;17EBC477-9450-444E-92FD-F911E0586DAD;14,35544
603A0C17-2E43-42D6-98FE-E3C03518AB49;5E08CF3C-AB5B-41DD-B049-FB65B3156CF9;1,73338
78EED79B-5164-4BAA-BF79-E5F2752AA8E7;3B18DD1F-95D1-476A-8DD2-58D8EE320A80;7,648154
78EED79B-5164-4BAA-BF79-E5F2752AA8E7;3DA222E2-C975-47E0-9DFF-A6840D52B60C;1,682205
78EED79B-5164-4BAA-BF79-E5F2752AA8E7;916686F2-DA96-4444-B39C-D8E4B610BA30;0,428561
21617347-8FAA-4901-B4A8-EA61A98659B8;944206D1-B8B3-4E3F-922F-95C8859C3AEC;14,29144
91CDF3D3-86C5-4868-B4D2-ECF2EDC80101;49B1BBDF-9C82-4EF7-8BBB-6555A315AA3F;0,2114075
91CDF3D3-86C5-4868-B4D2-ECF2EDC80101;18BFBFC2-D306-4D44-AF4A-78157B5F4016;0,1532658
91CDF3D3-86C5-4868-B4D2-ECF2EDC80101;79D215F1-51FB-47C9-9FAC-80FF905363BD;0,2396814
91CDF3D3-86C5-4868-B4D2-ECF2EDC80101;90F40754-C900-431D-BF3C-A45F458AA375;0,08024012
91CDF3D3-86C5-4868-B4D2-ECF2EDC80101;ACB2B0A8-96B0-434D-83F8-D93AC48BAFCE;2,344192
91CDF3D3-86C5-4868-B4D2-ECF2EDC80101;7C7D1EFC-211D-4C2C-974F-FC94D5C210F7;10,99315
BD64017F-1331-414F-A49F-EE1CE08A7F35;C22C3610-28C5-46ED-A9B2-98D367E1AF28;9,079399
346F2596-C61C-49FB-AFA6-EFF8E50050C0;A5FB0B01-A69B-425E-8671-23CED096C8B0;0,1117959
346F2596-C61C-49FB-AFA6-EFF8E50050C0;4BE187CA-F1A8-4A80-8070-55641A062247;0,08082488
346F2596-C61C-49FB-AFA6-EFF8E50050C0;76BC98CD-5BF7-4F71-AD8C-7BBE3A298A3C;3,22199
346F2596-C61C-49FB-AFA6-EFF8E50050C0;2CDC3ACD-E175-4E43-A963-CA2AEF078D77;0,214602
346F2596-C61C-49FB-AFA6-EFF8E50050C0;31FD90A5-B3D7-4C70-9ACA-CD978787DDEC;0,1469097
096835E4-E878-41AD-BF7D-F19409B56BBC;57A93F1D-DCD9-460B-BC51-C6014C0F2873;6,303492
0661DF4E-3724-4F63-BC47-F2A6A508FFF1;292AFEF2-A8E3-4D71-A7AF-28D6BC383712;10,49954
FCFCFA16-00D3-449F-8A1C-F5155A197C66;CEE32F17-D0B1-412C-B8DD-1ECFE1CB9299;6,992342
9D11068B-D0AE-4889-AA53-F5406C4B023C;EF27C7C0-4D1E-4943-A867-7D51D6118276;0,428969
C3115314-BB52-40A3-A0F9-F6291847E468;B284A019-1B46-4052-A96D-08B01F1FC7C1;0,3607386
C3115314-BB52-40A3-A0F9-F6291847E468;821C0D6E-8D55-4E64-BBA6-0EF2CDFF1DDD;0,4591569
C3115314-BB52-40A3-A0F9-F6291847E468;9463F08B-0BB8-43C2-B687-17AA4F02FD79;0,3559911
C3115314-BB52-40A3-A0F9-F6291847E468;83816ACD-1157-4DAD-8274-17B422922BEA;0,32966
C3115314-BB52-40A3-A0F9-F6291847E468;59EB9448-88F1-4075-B19F-1CA4038FB591;0,01126853
C3115314-BB52-40A3-A0F9-F6291847E468;208544A8-5D67-47D4-9386-1CE48F2F82EF;0,1430286
C3115314-BB52-40A3-A0F9-F6291847E468;793F3600-C8D4-4B74-8438-2AF8BE11E7F7;0,08699673
C3115314-BB52-40A3-A0F9-F6291847E468;D48B90C5-098C-4A6A-A185-38B03326AA24;0,5527463
C3115314-BB52-40A3-A0F9-F6291847E468;08ADA0A2-0ED2-4233-AB49-4533B064868A;0,5120139
C3115314-BB52-40A3-A0F9-F6291847E468;65CDEEFE-BA3C-4F28-A512-4B102A8BD7DC;0,5484951
C3115314-BB52-40A3-A0F9-F6291847E468;E2D337D1-DBC3-4746-8BA8-628766818C17;0,4478549
C3115314-BB52-40A3-A0F9-F6291847E468;B4B2CAA9-306A-4A51-83C7-6FB1264574C3;0,53946
C3115314-BB52-40A3-A0F9-F6291847E468;B14760D8-2EAC-4B85-B272-81679687D984;1,670136
C3115314-BB52-40A3-A0F9-F6291847E468;743BFBCA-59E9-4DD2-882D-8541D482157C;0,4778542
C3115314-BB52-40A3-A0F9-F6291847E468;9D50E6AF-3108-4EAA-A366-A4AA20675460;0,08175641
C3115314-BB52-40A3-A0F9-F6291847E468;03A1E424-4A15-42C2-9219-AA34F881D0FB;0,4637322
C3115314-BB52-40A3-A0F9-F6291847E468;01F987BD-CCD4-4891-A1F6-B11FDD24554E;0,3183019
C3115314-BB52-40A3-A0F9-F6291847E468;10577BF7-818A-41C0-9EF5-BFC65D11A90B;7,052593
C3115314-BB52-40A3-A0F9-F6291847E468;238469A1-38A1-45E4-9D1B-C9D637EB7147;0,3522152
C3115314-BB52-40A3-A0F9-F6291847E468;213AFAA5-A959-44C3-A0C2-EBA5B15C19EE;0,50837
C7B7BE4F-5B10-43A1-AD84-F6C63F878979;548A44A4-F75E-4404-B396-C224003C1F2B;11,49396
68638FC8-0ABF-400A-BF49-FB62843AE31A;50D75105-8DFD-405E-83F1-39C8B46BB6AF;3,171337
68638FC8-0ABF-400A-BF49-FB62843AE31A;8887B7AE-4FD0-4580-A9EF-961BBF5E4D12;12,94691
68638FC8-0ABF-400A-BF49-FB62843AE31A;8F0D9512-B767-48D1-8D73-CC471798DD2D;2,759419
55B74A85-EA7C-4FA7-AFA5-FE6BC32CA99C;0B5D1DC2-2AEF-4D5E-A282-A87D35027830;0,6835924
55B74A85-EA7C-4FA7-AFA5-FE6BC32CA99C;20D489AF-9357-42CB-B0E1-ABA30CB29EAA;0,5639535
55B74A85-EA7C-4FA7-AFA5-FE6BC32CA99C;07DC3B33-326F-4C1F-96EE-C924E9073E13;4,118387
